sentence_id	token_id	token	surprisal
1	1	If	5.05582
1	2	you	2.85531
1	3	were	3.20799
1	4	to	4.02089
1	5	journey	14.7009
1	6	to	2.22215
1	7	the	1.32439
1	8	North	7.45289
1	9	of	5.44491
1	10	England	5.10009
1	11	,	3.3685
1	12	you	6.48446
1	13	would	3.57515
1	14	come	5.16206
1	15	to	1.76757
1	16	a	2.63509
1	17	valley	10.4334
1	18	that	2.86818
1	19	is	2.13179
1	20	surrounded	8.61628
1	21	by	0.073604
1	22	moors	15.8969
1	23	as	5.47913
1	24	high	8.96951
1	25	as	2.75016
1	26	mountains	10.3162
1	27	.	1.20611
2	1	It	3.96236
2	2	is	1.80658
2	3	in	4.77641
2	4	this	5.12112
2	5	valley	11.0408
2	6	where	5.63895
2	7	you	4.1809
2	8	would	4.77092
2	9	find	4.46146
2	10	the	2.86699
2	11	city	6.10727
2	12	of	2.3531
2	13	Bradford	11.9785
2	14	,	2.57003
2	15	where	3.52934
2	16	once	8.64856
2	17	a	3.1514
2	18	thousand	9.42721
2	19	spinning	13.1709
2	20	UNK-LC-s	5.83881
2	21	that	4.85823
2	22	UNK-LC-ed	6.93135
2	23	and	4.16092
2	24	UNK-LC-ed	4.32754
2	25	spun	13.6664
2	26	wool	9.31275
2	27	into	4.87451
2	28	money	10.2283
2	29	for	4.16593
2	30	the	1.9604
2	31	UNK-LC-DASH	4.9593
2	32	mill	8.25491
2	33	owners	11.1022
2	34	.	7.18388
3	1	That	4.72423
3	2	all	8.72132
3	3	mill	15.5062
3	4	owners	5.21602
3	5	were	3.09621
3	6	generally	6.54383
3	7	busy	8.58389
3	8	as	4.86393
3	9	UNK-LC-s	7.06035
3	10	and	2.84412
3	11	quite	12.6095
3	12	pleased	10.9506
3	13	with	0.754284
3	14	themselves	7.41175
3	15	for	6.39264
3	16	being	6.41866
3	17	so	5.65943
3	18	successful	4.00174
3	19	and	4.61943
3	20	well	8.79757
3	21	off	7.12808
3	22	was	10.7239
3	23	known	6.72628
3	24	to	2.60453
3	25	the	3.09127
3	26	residents	9.37439
3	27	of	0.885392
3	28	Bradford	11.9074
3	29	,	1.81968
3	30	and	7.31471
3	31	if	11.6045
3	32	you	4.22002
3	33	were	3.04616
3	34	to	4.96695
3	35	go	4.04081
3	36	into	2.42923
3	37	the	1.25911
3	38	city	5.59414
3	39	to	3.40678
3	40	visit	6.81381
3	41	the	1.42103
3	42	stately	14.2961
3	43	City	8.93073
3	44	Hall	7.22525
3	45	,	3.26371
3	46	you	9.90134
3	47	would	5.32092
3	48	see	2.90277
3	49	there	6.94308
3	50	the	5.98023
3	51	Crest	13.3503
3	52	of	6.09475
3	53	the	1.23531
3	54	City	6.08042
3	55	of	3.147
3	56	Bradford	12.1581
3	57	,	2.2506
3	58	which	3.10039
3	59	those	9.00415
3	60	same	8.04128
3	61	mill	13.8609
3	62	owners	3.81226
3	63	created	7.5159
3	64	to	2.41819
3	65	celebrate	7.04752
3	66	their	3.82685
3	67	achievements	8.69085
3	68	.	8.76855
4	1	It	3.96236
4	2	shows	6.5696
4	3	a	2.65556
4	4	sinister	11.4088
4	5	looking	12.8741
4	6	UNK-LC	9.38797
4	7	's	6.44638
4	8	head	10.7036
4	9	sitting	10.0731
4	10	on	1.28618
4	11	top	6.94697
4	12	of	1.91273
4	13	a	2.07005
4	14	well	10.9325
4	15	which	7.85758
4	16	seems	5.50017
4	17	puzzling	9.15641
4	18	at	4.33016
4	19	first	5.26898
4	20	,	3.94979
4	21	but	5.11219
4	22	the	3.23424
4	23	reason	6.93703
4	24	for	1.31424
4	25	this	4.55669
4	26	symbol	12.008
4	27	is	9.38951
4	28	a	2.47087
4	29	matter	3.88207
4	30	of	0.210751
4	31	legend	9.65876
4	32	.	3.05134
5	1	There	5.37943
5	2	was	2.72523
5	3	once	10.3615
5	4	,	5.53779
5	5	legend	13.419
5	6	has	6.91158
5	7	it	7.46971
5	8	,	2.4415
5	9	a	3.82697
5	10	fearsome	12.2864
5	11	UNK-LC	3.93854
5	12	,	2.71284
5	13	which	2.82811
5	14	lived	9.86735
5	15	in	0.899747
5	16	a	2.39701
5	17	wood	7.68129
5	18	located	10.8527
5	19	just	6.54679
5	20	outside	5.26591
5	21	the	1.19263
5	22	manor	14.3147
5	23	of	1.59663
5	24	Bradford	12.2907
5	25	.	1.25509
6	1	A	3.82173
6	2	source	5.31274
6	3	of	1.39167
6	4	great	7.98373
6	5	trouble	8.05236
6	6	to	5.33606
6	7	the	3.81296
6	8	local	6.40518
6	9	folk	10.5829
6	10	the	7.77953
6	11	UNK-LC	5.22124
6	12	was	5.1799
6	13	,	5.69696
6	14	bringing	9.07521
6	15	terror	10.1972
6	16	to	0.950772
6	17	the	1.30196
6	18	peaceful	10.5072
6	19	flocks	16.4428
6	20	and	4.32024
6	21	ravaging	13.7757
6	22	the	3.01642
6	23	countryside	9.41647
6	24	around	6.5871
6	25	.	4.11207
7	1	Even	5.98837
7	2	worse	6.14717
7	3	,	0.0711804
7	4	however	4.51355
7	5	,	0.0141609
7	6	the	1.29221
7	7	UNK-LC	6.88629
7	8	most	8.66896
7	9	liked	11.5486
7	10	to	2.83199
7	11	go	4.81879
7	12	to	2.06615
7	13	the	1.35793
7	14	well	8.90237
7	15	that	3.69372
7	16	was	4.35331
7	17	in	3.95133
7	18	the	1.44634
7	19	wood	9.93497
7	20	and	3.54431
7	21	drink	8.49905
7	22	its	11.1913
7	23	fresh	10.6473
7	24	water	4.65165
7	25	,	5.12845
7	26	so	7.27938
7	27	that	1.07096
7	28	the	1.63195
7	29	people	5.97632
7	30	of	2.56452
7	31	Bradford	13.4011
7	32	had	4.86581
7	33	second	9.05608
7	34	thoughts	3.05106
7	35	about	1.65756
7	36	visiting	9.61104
7	37	the	1.56804
7	38	well	9.18964
7	39	.	1.39061
8	1	That	4.72423
8	2	the	5.46068
8	3	people	7.49616
8	4	of	3.06531
8	5	Bradford	13.2613
8	6	bore	12.0863
8	7	the	1.49856
8	8	brunt	9.1807
8	9	of	0.0775097
8	10	the	0.837047
8	11	beast	11.0951
8	12	's	4.27923
8	13	ferocity	13.5497
8	14	was	2.86518
8	15	unfair	10.0343
8	16	in	2.71938
8	17	the	1.16754
8	18	eyes	6.77927
8	19	of	0.289736
8	20	the	1.30406
8	21	people	6.20697
8	22	of	2.20337
8	23	the	0.851287
8	24	region	6.93012
8	25	.	0.614536
9	1	Eventually	8.73714
9	2	,	0.134813
9	3	the	1.54204
9	4	issue	6.04472
9	5	reached	8.06087
9	6	the	1.98235
9	7	ears	12.8059
9	8	of	0.195634
9	9	the	0.828005
9	10	kindly	15.2875
9	11	Lord	13.2084
9	12	of	7.30669
9	13	the	1.31098
9	14	Manor	13.6216
9	15	who	7.05783
9	16	the	6.28433
9	17	people	6.73731
9	18	had	3.48762
9	19	often	7.45003
9	20	asked	6.22867
9	21	for	1.69676
9	22	help	6.74607
9	23	.	0.571716
10	1	The	1.77834
10	2	Lord	11.7438
10	3	saw	13.9475
10	4	the	1.51394
10	5	severity	8.60358
10	6	of	0.0922618
10	7	the	0.701593
10	8	problem	6.32468
10	9	the	5.25057
10	10	people	7.14901
10	11	faced	6.93884
10	12	and	4.97844
10	13	suggested	8.61099
10	14	a	5.54537
10	15	contest	8.58576
10	16	could	6.17639
10	17	solve	6.79213
10	18	the	1.16593
10	19	problem	3.92353
10	20	.	0.460483
11	1	He	3.75499
11	2	said	1.73515
11	3	that	2.61173
11	4	whoever	13.0276
11	5	could	3.99955
11	6	kill	8.46471
11	7	the	1.30279
11	8	UNK-LC	6.71152
11	9	and	3.63012
11	10	bring	6.73826
11	11	as	6.83726
11	12	proof	9.05834
11	13	its	5.21948
11	14	head	6.29117
11	15	to	3.46072
11	16	the	2.17122
11	17	Manor	13.6723
11	18	House	9.89111
11	19	would	3.9543
11	20	be	1.55128
11	21	rewarded	9.25328
11	22	with	2.70005
11	23	land	10.6213
11	24	and	2.81904
11	25	fame	9.56489
11	26	.	1.74689
12	1	It	3.96236
12	2	was	2.39859
12	3	the	2.211
12	4	people	8.99245
12	5	of	3.07291
12	6	Bradford	12.0539
12	7	and	2.52473
12	8	the	2.36474
12	9	people	5.80746
12	10	who	1.2466
12	11	knew	6.2357
12	12	them	4.61512
12	13	who	5.63972
12	14	UNK-LC-ed	6.87602
12	15	at	4.76782
12	16	this	4.26175
12	17	proclamation	13.573
12	18	but	9.46908
12	19	one	4.7439
12	20	question	8.82809
12	21	remained	15.5071
12	22	:	7.74181
12	23	who	7.46004
12	24	would	3.70198
12	25	kill	8.15744
12	26	the	1.79783
12	27	UNK-LC	5.42809
12	28	?	4.24599
12	29	By	9.05875
12	30	the	2.71054
12	31	handsome	9.00127
12	32	reward	11.6898
12	33	many	9.53001
12	34	felt	8.26718
12	35	tempted	12.9176
12	36	,	5.58973
12	37	but	4.96359
12	38	the	3.58171
12	39	thought	7.88023
12	40	of	1.03429
12	41	the	2.28277
12	42	UNK-LC	4.24581
12	43	with	5.85861
12	44	its	5.01147
12	45	deadly	10.3692
12	46	UNK-LC-s	4.83844
12	47	and	3.10342
12	48	face	9.38283
12	49	like	8.71663
12	50	thunder	11.1319
12	51	soon	12.3991
12	52	put	12.5012
12	53	an	6.28104
12	54	end	4.8962
12	55	to	0.84776
12	56	their	4.3804
12	57	ambitions	9.65739
12	58	.	1.57171
13	1	However	5.44611
13	2	,	0.0204501
13	3	there	4.38621
13	4	was	2.45616
13	5	one	5.84358
13	6	UNK-LC	5.56386
13	7	,	2.74592
13	8	who	3.73768
13	9	was	3.09281
13	10	still	5.29345
13	11	wet	10.1519
13	12	behind	8.07834
13	13	the	1.18672
13	14	ears	10.5617
13	15	,	2.21716
13	16	who	3.16968
13	17	decided	6.38202
13	18	the	4.28977
13	19	prize	8.84601
13	20	was	3.76992
13	21	worth	6.96438
13	22	a	2.49908
13	23	shot	6.18836
13	24	,	2.95167
13	25	in	4.54312
13	26	spite	6.12636
13	27	of	0.047778
13	28	the	1.45724
13	29	UNK-LC	4.34351
13	30	's	3.26682
13	31	reputation	7.12912
13	32	.	0.964239
14	1	The	1.77834
14	2	UNK-LC	7.17623
14	3	discovered	10.6779
14	4	the	2.89918
14	5	UNK-LC	4.83502
14	6	preferred	12.4461
14	7	to	2.03097
14	8	come	6.14525
14	9	out	2.76904
14	10	in	3.18772
14	11	the	1.27132
14	12	middle	4.64464
14	13	of	0.36404
14	14	the	0.772157
14	15	day	3.6666
14	16	.	0.914005
15	1	So	5.80106
15	2	he	3.40525
15	3	went	5.84438
15	4	to	1.5619
15	5	the	1.49007
15	6	wood	11.3903
15	7	by	6.24775
15	8	the	2.99256
15	9	well	10.2795
15	10	with	5.27003
15	11	his	3.1024
15	12	good	7.75523
15	13	bow	11.4738
15	14	,	2.51706
15	15	to	4.5283
15	16	UNK-LC	4.7944
15	17	his	2.58911
15	18	time	7.07994
15	19	.	1.54367
16	1	Around	9.96448
16	2	UNK-LC	7.61798
16	3	,	0.639834
16	4	the	1.83876
16	5	UNK-LC	5.43104
16	6	,	3.08167
16	7	feared	12.1478
16	8	by	2.5216
16	9	the	1.19438
16	10	locals	9.05539
16	11	,	0.350508
16	12	came	5.84129
16	13	out	3.33128
16	14	,	3.74549
16	15	as	2.94116
16	16	slow	11.5713
16	17	as	6.98471
16	18	a	3.04626
16	19	snail	12.3514
16	20	,	3.981
16	21	from	5.20417
16	22	among	9.10539
16	23	the	1.50882
16	24	trees	8.19231
16	25	,	3.19383
16	26	just	6.29239
16	27	as	1.54241
16	28	the	1.80401
16	29	UNK-LC	5.09346
16	30	had	5.48429
16	31	predicted	8.91989
16	32	.	1.32106
17	1	The	1.77834
17	2	UNK-LC	7.17623
17	3	leaped	11.8757
17	4	from	3.45615
17	5	his	4.0124
17	6	hiding	11.1146
17	7	place	7.38845
17	8	and	2.0192
17	9	through	9.21912
17	10	the	1.85851
17	11	heart	6.54713
17	12	with	7.00251
17	13	his	3.1718
17	14	fine	10.6607
17	15	arrows	13.327
17	16	shot	10.5094
17	17	the	2.87057
17	18	UNK-LC	5.00821
17	19	.	2.27295
18	1	Now	5.85832
18	2	the	2.33624
18	3	problem	5.59407
18	4	was	2.80666
18	5	no	6.04298
18	6	longer	1.42021
18	7	to	3.12698
18	8	kill	6.92975
18	9	the	1.34397
18	10	UNK-LC	5.66228
18	11	.	1.93153
19	1	It	3.96236
19	2	was	2.39859
19	3	to	5.33069
19	4	find	4.59554
19	5	a	1.55366
19	6	way	4.09066
19	7	to	0.554469
19	8	carry	6.56473
19	9	the	2.32409
19	10	UNK-LC	5.64351
19	11	back	6.40819
19	12	.	1.54573
20	1	The	1.77834
20	2	head	7.86728
20	3	was	5.32065
20	4	too	7.92233
20	5	heavy	6.58921
20	6	for	2.75924
20	7	the	1.99769
20	8	little	7.36462
20	9	UNK-LC	5.59193
20	10	to	3.24074
20	11	carry	6.47053
20	12	back	5.48846
20	13	to	2.49124
20	14	the	1.07949
20	15	Manor	14.2036
20	16	House	9.73269
20	17	,	2.2481
20	18	but	7.54911
20	19	the	2.52685
20	20	UNK-LC	5.54261
20	21	,	2.4192
20	22	who	4.73284
20	23	was	2.72905
20	24	as	6.16195
20	25	UNK-LC-DASH	4.62407
20	26	and	3.70424
20	27	cunning	11.0058
20	28	as	0.53148
20	29	ever	7.17034
20	30	,	3.99606
20	31	asked	7.95225
20	32	himself	7.09501
20	33	,	5.59574
20	34	UNK-CAPS	10.8924
20	35	else	13.2619
20	36	can	9.90453
20	37	I	4.07259
20	38	do	3.0144
20	39	to	4.69036
20	40	prove	7.42997
20	41	I	4.37015
20	42	killed	11.3748
20	43	the	1.89674
20	44	UNK-LC	5.13493
20	45	?	5.37061
20	46	'	4.59932
20	47	The	7.27287
20	48	next	6.76554
20	49	instance	9.02791
20	50	he	6.46064
20	51	opened	9.4295
20	52	the	3.47699
20	53	UNK-LC	5.12949
20	54	's	5.12187
20	55	mouth	6.31048
20	56	and	4.75786
20	57	cut	10.1469
20	58	out	3.07872
20	59	its	6.05245
20	60	tongue	8.14725
20	61	,	2.2211
20	62	taking	7.01268
20	63	that	5.47499
20	64	as	6.32377
20	65	proof	7.6986
20	66	for	4.43764
20	67	the	1.8389
20	68	Lord	11.7554
20	69	.	3.90074
21	1	He	3.75499
21	2	set	8.03989
21	3	out	4.11218
21	4	for	4.57871
21	5	the	1.72175
21	6	Manor	15.647
21	7	House	9.3085
21	8	as	6.31546
21	9	quickly	7.84802
21	10	as	0.162336
21	11	he	2.91304
21	12	could	4.11833
21	13	and	6.9895
21	14	he	3.72094
21	15	had	2.9079
21	16	only	6.44358
21	17	been	3.02007
21	18	gone	9.72065
21	19	a	5.91955
21	20	few	2.80807
21	21	minutes	3.92761
21	22	when	5.83941
21	23	a	3.52247
21	24	second	6.95652
21	25	UNK-LC	5.6533
21	26	,	3.99139
21	27	not	4.81623
21	28	so	7.5332
21	29	bold	7.4701
21	30	as	4.10655
21	31	the	2.1708
21	32	first	4.60943
21	33	but	7.55137
21	34	a	3.41231
21	35	little	5.08992
21	36	more	5.83936
21	37	cunning	9.54671
21	38	,	0.559503
21	39	came	4.18697
21	40	on	2.82888
21	41	the	2.63149
21	42	scene	5.00816
21	43	.	10.3079
22	1	Seeing	10.6383
22	2	the	1.49792
22	3	slain	12.8773
22	4	UNK-LC	4.035
22	5	of	1.2542
22	6	the	1.12712
22	7	UNK-LC	4.44468
22	8	,	1.78418
22	9	the	1.79744
22	10	UNK-LC	5.16679
22	11	UNK-LC-ed	6.60769
22	12	in	2.72657
22	13	his	3.32892
22	14	good	8.11441
22	15	fortune	6.91313
22	16	.	1.15272
23	1	The	1.77834
23	2	second	6.37275
23	3	UNK-LC	7.10984
23	4	knew	10.6868
23	5	a	3.45269
23	6	shortcut	9.51558
23	7	to	2.45981
23	8	the	1.38028
23	9	Manor	13.7891
23	10	House	10.1969
23	11	was	10.9635
23	12	just	8.42452
23	13	around	8.14865
23	14	the	1.69357
23	15	nearby	7.9157
23	16	pond	9.62906
23	17	,	2.43522
23	18	and	4.52945
23	19	,	4.54339
23	20	being	9.74965
23	21	a	3.73538
23	22	bigger	8.38996
23	23	man	4.63429
23	24	than	5.68085
23	25	the	1.97571
23	26	first	4.66644
23	27	,	3.27465
23	28	was	5.4053
23	29	able	4.93938
23	30	to	0.0244754
23	31	pick	6.00578
23	32	up	0.443642
23	33	the	1.47462
23	34	UNK-LC	5.25453
23	35	's	3.46376
23	36	head	7.80362
23	37	and	2.5844
23	38	carry	10.4275
23	39	it	10.627
23	40	through	6.33994
23	41	the	1.45394
23	42	wood	9.51599
23	43	towards	12.6016
23	44	the	2.04813
23	45	prize	9.42999
23	46	that	3.19208
23	47	awaited	13.9097
23	48	him	5.46378
23	49	.	8.84257
24	1	The	1.77834
24	2	Lord	11.7438
24	3	of	10.5536
24	4	the	1.47837
24	5	Manor	14.1477
24	6	was	6.92534
24	7	seated	10.2202
24	8	in	1.67376
24	9	his	4.58365
24	10	hall	8.72948
24	11	when	4.0617
24	12	the	2.04161
24	13	second	7.28542
24	14	UNK-LC	5.84696
24	15	burst	10.574
24	16	through	4.7124
24	17	the	1.54739
24	18	door	5.30948
24	19	and	3.66627
24	20	began	5.17031
24	21	to	2.04576
24	22	spin	9.64407
24	23	a	4.30754
24	24	line	6.62381
24	25	.	3.72189
25	1	UNK-CAPS	5.89449
25	2	woes	17.5913
25	3	of	5.84827
25	4	Bradford	11.3604
25	5	are	3.11968
25	6	ended	11.3964
25	7	!	10.3099
25	8	'	6.19903
25	9	he	8.90382
25	10	announced	8.34618
25	11	.	1.67727
26	1	UNK-CAPS	5.89449
26	2	my	13.6852
26	3	own	3.43205
26	4	hand	7.23648
26	5	I	7.32426
26	6	have	3.4312
26	7	slain	11.9868
26	8	the	4.32708
26	9	UNK-LC	4.82853
26	10	!	5.71267
26	11	'	4.05596
26	12	And	10.455
26	13	,	4.15509
26	14	with	5.21912
26	15	that	4.59105
26	16	,	1.27637
26	17	at	5.72535
26	18	the	1.99398
26	19	feet	11.0922
26	20	of	0.574124
26	21	his	5.26907
26	22	lord	10.3512
26	23	he	6.36545
26	24	dropped	7.68296
26	25	the	3.26414
26	26	UNK-LC	4.63952
26	27	's	4.21996
26	28	enormous	8.75845
26	29	head	7.82107
26	30	.	1.27779
27	1	UNK-CAPS	5.89449
27	2	you	12.2704
27	3	will	4.80038
27	4	be	2.6394
27	5	rewarded	7.70934
27	6	,	2.98652
27	7	as	4.73848
27	8	I	4.75496
27	9	promised	10.2811
27	10	.	3.82065
28	1	'	10.172
28	2	UNK-CAPS	6.42762
28	3	first	10.1226
28	4	,	4.68083
28	5	let	7.9357
28	6	me	2.05978
28	7	examine	8.50852
28	8	the	1.38319
28	9	head	6.88872
28	10	of	0.2564
28	11	this	4.14131
28	12	monster	6.85298
28	13	,	2.23816
28	14	'	3.4989
28	15	said	4.21422
28	16	the	2.79656
28	17	Lord	9.88683
28	18	of	7.74872
28	19	the	1.34904
28	20	Manor	12.8243
28	21	.	2.76789
29	1	To	5.29165
29	2	not	8.49869
29	3	examine	8.84275
29	4	the	0.982984
29	5	head	9.09037
29	6	in	5.35416
29	7	advance	6.4656
29	8	had	8.73065
29	9	not	4.89946
29	10	been	0.860302
29	11	very	6.41536
29	12	clever	6.36433
29	13	on	4.74132
29	14	the	0.894312
29	15	part	5.2369
29	16	of	0.0940063
29	17	the	0.741436
29	18	UNK-LC	5.77482
29	19	.	1.47292
30	1	Right	9.49269
30	2	away	5.45358
30	3	,	0.780809
30	4	the	1.88803
30	5	Lord	11.3881
30	6	noticed	11.9755
30	7	the	2.84676
30	8	tongue	12.0257
30	9	of	1.88527
30	10	the	1.16916
30	11	UNK-LC	5.33176
30	12	was	5.6048
30	13	missing	7.39796
30	14	and	3.03706
30	15	exclaimed	11.0351
30	16	,	2.98285
30	17	UNK-CAPS	9.35708
30	18	is	9.4649
30	19	this	7.3038
30	20	?	7.80523
30	21	A	8.67492
30	22	UNK-LC	3.67218
30	23	with	5.08506
30	24	no	5.33328
30	25	tongue	10.4195
30	26	?	7.86126
30	27	'	3.86594
30	28	He	5.95948
30	29	looked	6.07815
30	30	at	1.54044
30	31	the	1.74607
30	32	UNK-LC	4.23075
30	33	,	3.5537
30	34	UNK-LC-ly	7.31159
30	35	.	1.70678
31	1	UNK-CAPS	5.89449
31	2	come	14.3431
31	3	this	5.34364
31	4	creature	11.1428
31	5	has	11.6074
31	6	no	4.81023
31	7	tongue	11.6939
31	8	?	8.51261
31	9	'	4.0547
31	10	he	6.40413
31	11	demanded	10.9485
31	12	.	1.72195
32	1	All	6.30711
32	2	eyes	14.6029
32	3	were	3.78741
32	4	on	4.76537
32	5	the	1.20723
32	6	UNK-LC	5.95959
32	7	.	2.23954
33	1	The	1.77834
33	2	UNK-LC	7.17623
33	3	questioned	11.7511
33	4	by	2.28042
33	5	the	0.962686
33	6	Lord	9.55162
33	7	replied	15.2034
33	8	,	1.12637
33	9	UNK-CAPS	9.42317
33	10	can	10.3581
33	11	not	3.28802
33	12	say	4.04195
33	13	,	2.44963
33	14	my	10.2228
33	15	Lord	12.523
33	16	.	3.21509
34	1	'	10.172
34	2	He	3.9109
34	3	was	3.0806
34	4	suddenly	7.88503
34	5	realizing	9.20787
34	6	his	3.8439
34	7	tricky	10.4378
34	8	situation	7.46145
34	9	could	13.6148
34	10	end	6.23531
34	11	badly	9.88694
34	12	for	4.26907
34	13	him	4.16132
34	14	.	1.25618
35	1	Through	7.91358
35	2	the	1.39932
35	3	door	9.20088
35	4	at	5.41282
35	5	this	4.70431
35	6	moment	6.10184
35	7	,	0.327605
35	8	the	1.53796
35	9	first	5.17327
35	10	UNK-LC	6.37684
35	11	burst	10.4231
35	12	.	4.61165
36	1	UNK-CAPS	5.89449
36	2	woes	17.5913
36	3	of	5.84827
36	4	Bradford	11.3604
36	5	are	3.11968
36	6	ended	11.3964
36	7	!	10.3099
36	8	'	6.19903
36	9	he	8.90382
36	10	cried	9.48958
36	11	.	1.4596
37	1	UNK-CAPS	5.89449
37	2	have	11.1628
37	3	slain	13.7123
37	4	the	2.25955
37	5	UNK-LC	5.5046
37	6	the	6.60479
37	7	people	6.39549
37	8	of	2.27256
37	9	Bradford	12.5201
37	10	dreaded	18.1977
37	11	!	8.46754
37	12	'	5.63447
37	13	All	9.8115
37	14	eyes	12.1138
37	15	turned	9.35162
37	16	to	1.79077
37	17	the	1.46272
37	18	man	5.93321
37	19	who	1.93018
37	20	now	6.1174
37	21	stood	7.80305
37	22	in	1.58636
37	23	the	1.2576
37	24	doorway	7.73539
37	25	.	1.83435
38	1	UNK-CAPS	5.89449
38	2	reward	15.7142
38	3	is	3.18678
38	4	already	6.41461
38	5	given	7.4886
38	6	,	4.44399
38	7	'	8.27946
38	8	said	5.06536
38	9	the	3.97949
38	10	Lord	9.0603
38	11	of	9.50717
38	12	the	1.24652
38	13	Manor	13.6911
38	14	.	3.69977
39	1	UNK-CAPS	5.89449
39	2	man	13.4653
39	3	here	8.10866
39	4	has	2.70896
39	5	brought	5.88887
39	6	to	4.17779
39	7	me	3.76987
39	8	the	1.90942
39	9	UNK-LC	4.69065
39	10	's	4.03208
39	11	head	7.86478
39	12	.	2.50531
40	1	'	10.172
40	2	UNK-CAPS	6.42762
40	3	where	10.3405
40	4	is	4.36684
40	5	its	7.90673
40	6	tongue	9.84852
40	7	?	2.305
40	8	'	4.44926
40	9	the	6.94508
40	10	first	4.82445
40	11	UNK-LC	5.62424
40	12	replied	11.3025
40	13	.	1.25728
41	1	And	4.30949
41	2	,	3.39989
41	3	so	5.84113
41	4	saying	13.2334
41	5	,	2.26075
41	6	he	3.92252
41	7	drew	8.95758
41	8	out	4.27949
41	9	the	2.28396
41	10	UNK-LC	5.43625
41	11	's	4.07838
41	12	tongue	8.96453
41	13	he	6.65063
41	14	had	3.16817
41	15	put	6.0165
41	16	in	2.20629
41	17	his	3.01986
41	18	hunting	13.5203
41	19	UNK-LC	5.52915
41	20	and	3.6659
41	21	related	8.38151
41	22	how	14.876
41	23	he	1.62582
41	24	had	3.02974
41	25	ambushed	14.2617
41	26	the	1.78283
41	27	creature	10.499
41	28	in	3.68347
41	29	the	1.16201
41	30	wood	9.69416
41	31	and	3.84261
41	32	cut	10.7937
41	33	out	3.29715
41	34	its	5.01332
41	35	tongue	8.13284
41	36	as	4.71074
41	37	proof	8.7919
41	38	of	1.61402
41	39	his	2.20493
41	40	victory	7.47066
41	41	.	9.18626
42	1	Listening	12.2024
42	2	to	1.48644
42	3	the	1.2006
42	4	tale	9.27801
42	5	,	1.76266
42	6	the	1.65467
42	7	Lord	11.4988
42	8	of	10.2396
42	9	the	1.33449
42	10	Manor	13.315
42	11	tried	8.68587
42	12	to	0.289329
42	13	discern	9.36371
42	14	which	7.17266
42	15	UNK-LC	5.9549
42	16	was	3.23555
42	17	telling	9.84155
42	18	him	2.13416
42	19	the	3.57042
42	20	truth	6.45746
42	21	and	3.51019
42	22	what	2.34663
42	23	the	2.42368
42	24	two	5.54168
42	25	UNK-LC	6.79144
42	26	were	5.02017
42	27	thinking	6.5669
42	28	as	4.51031
42	29	they	3.74366
42	30	waited	8.47635
42	31	for	2.86924
42	32	him	3.5531
42	33	to	1.00399
42	34	make	3.9077
42	35	a	2.18082
42	36	decision	6.01373
42	37	.	3.37038
43	1	Almost	8.38996
43	2	instantly	16.3771
43	3	,	0.14852
43	4	the	1.64277
43	5	Lord	11.9871
43	6	saw	11.602
43	7	that	3.44838
43	8	the	1.66091
43	9	second	7.04162
43	10	UNK-LC	6.15532
43	11	had	4.34658
43	12	fed	9.85208
43	13	him	3.7994
43	14	a	5.12047
43	15	pack	8.39746
43	16	of	0.92434
43	17	lies	8.57545
43	18	and	2.41687
43	19	it	7.71755
43	20	was	4.87461
43	21	the	2.95639
43	22	first	2.32394
43	23	UNK-LC	5.57981
43	24	who	5.54378
43	25	was	2.67207
43	26	the	2.92076
43	27	true	8.77763
43	28	savior	8.78912
43	29	of	1.20428
43	30	Bradford	11.7472
43	31	.	1.46698
44	1	The	1.77834
44	2	Lord	11.7438
44	3	believed	12.4889
44	4	the	1.25846
44	5	second	7.51498
44	6	UNK-LC	7.43106
44	7	had	3.85416
44	8	tried	7.86659
44	9	to	0.287046
44	10	steal	8.30372
44	11	the	1.95642
44	12	first	6.79542
44	13	UNK-LC	6.49196
44	14	's	4.66833
44	15	prize	7.75861
44	16	and	3.97327
44	17	so	8.05503
44	18	proclaimed	14.764
44	19	the	2.42791
44	20	first	5.24168
44	21	UNK-LC	5.78923
44	22	the	4.07763
44	23	true	8.92673
44	24	victor	13.2634
44	25	.	0.374459
45	1	The	1.77834
45	2	Lord	11.7438
45	3	wondered	15.8036
45	4	for	6.37538
45	5	a	3.16009
45	6	moment	8.60613
45	7	why	3.78203
45	8	he	2.1836
45	9	always	7.14608
45	10	encountered	9.23559
45	11	so	8.03243
45	12	much	1.21826
45	13	chicanery	14.1247
45	14	in	2.9095
45	15	his	2.55671
45	16	everyday	10.3517
45	17	interactions	11.9521
45	18	.	0.672793
46	1	The	1.77834
46	2	UNK-LC	7.17623
46	3	who	7.64998
46	4	had	3.33633
46	5	earned	7.53997
46	6	his	3.57266
46	7	prize	6.78173
46	8	fair	11.5719
46	9	and	4.52049
46	10	square	11.5522
46	11	received	11.8794
46	12	as	5.8743
46	13	his	4.32389
46	14	reward	9.64703
46	15	a	3.7202
46	16	piece	6.51945
46	17	of	0.0961292
46	18	land	8.46986
46	19	just	7.76152
46	20	outside	7.12023
46	21	the	1.35261
46	22	town	5.4366
46	23	,	2.34935
46	24	known	7.39694
46	25	thereafter	12.0987
46	26	as	1.34761
46	27	Hunt	12.6602
46	28	Yard	10.5267
46	29	.	1.11416
47	1	His	5.855
47	2	fame	10.9007
47	3	was	2.01126
47	4	indeed	7.01361
47	5	assured	9.2728
47	6	,	2.85238
47	7	but	1.93764
47	8	it	2.59815
47	9	was	2.14359
47	10	not	3.27935
47	11	nearly	7.70467
47	12	as	1.58728
47	13	lasting	8.66701
47	14	as	2.43301
47	15	that	5.48975
47	16	of	2.77665
47	17	the	0.997203
47	18	fearsome	12.6648
47	19	Bradford	14.4411
47	20	UNK-INITC	4.70177
47	21	.	1.7468
48	1	A	3.82173
48	2	clear	7.74391
48	3	and	6.30793
48	4	joyous	16.8912
48	5	day	7.93192
48	6	it	6.11214
48	7	was	2.19786
48	8	and	7.86564
48	9	out	6.96284
48	10	on	3.84683
48	11	the	1.43013
48	12	wide	11.3427
48	13	open	7.03854
48	14	sea	8.21933
48	15	,	1.38089
48	16	thousands	7.8958
48	17	upon	14.367
48	18	thousands	6.89882
48	19	of	0.313588
48	20	sparkling	12.881
48	21	water	5.93545
48	22	drops	10.9769
48	23	,	3.78085
48	24	excited	11.655
48	25	by	3.41424
48	26	getting	9.68552
48	27	to	4.86951
48	28	play	5.84487
48	29	in	3.57889
48	30	the	1.30473
48	31	ocean	6.18394
48	32	,	2.74661
48	33	danced	10.6611
48	34	all	5.86921
48	35	around	7.9055
48	36	.	2.90875
49	1	One	5.28115
49	2	of	1.6987
49	3	these	3.66876
49	4	was	4.4238
49	5	a	2.76003
49	6	merry	13.3462
49	7	little	7.29785
49	8	fellow	10.1416
49	9	named	5.5549
49	10	UNK-INITC	3.89252
49	11	,	2.20205
49	12	who	3.0383
49	13	danced	9.0449
49	14	on	5.87766
49	15	the	1.32575
49	16	silver	9.15195
49	17	backs	14.7863
49	18	of	0.66047
49	19	the	0.985982
49	20	fishes	12.7095
49	21	as	4.54423
49	22	they	4.08834
49	23	plunged	9.24698
49	24	up	4.59432
49	25	and	5.29963
49	26	down	1.93769
49	27	in	2.16663
49	28	the	1.31111
49	29	waves	12.6352
49	30	,	3.86765
49	31	and	4.94488
49	32	,	4.54594
49	33	no	5.7085
49	34	matter	2.76252
49	35	how	1.225
49	36	high	6.00817
49	37	he	1.60965
49	38	sprung	13.8051
49	39	,	1.28661
49	40	he	5.69834
49	41	always	6.51196
49	42	came	5.60705
49	43	down	3.53751
49	44	again	5.35558
49	45	into	6.26079
49	46	his	2.35632
49	47	mother	6.59181
49	48	's	1.36648
49	49	lap	6.36743
49	50	.	0.351329
50	1	His	5.855
50	2	mother	4.98936
50	3	,	1.49894
50	4	you	8.46891
50	5	know	3.40891
50	6	,	0.156481
50	7	was	2.8653
50	8	the	2.42318
50	9	ocean	10.0788
50	10	,	2.66651
50	11	and	2.67691
50	12	very	7.92204
50	13	beautiful	5.02209
50	14	she	9.28674
50	15	looked	5.74796
50	16	that	6.59397
50	17	summer	9.8919
50	18	day	6.90773
50	19	in	3.75206
50	20	her	4.27994
50	21	dark	6.08803
50	22	blue	5.42395
50	23	dress	6.36538
50	24	and	3.69177
50	25	white	7.36833
50	26	UNK-LC-s	3.26822
50	27	.	0.529066
51	1	By	5.83743
51	2	and	7.5724
51	3	by	7.95012
51	4	,	6.41066
51	5	the	4.45063
51	6	happy	10.8393
51	7	water	11.4772
51	8	drop	9.23167
51	9	tired	16.5364
51	10	of	0.362415
51	11	his	4.91866
51	12	play	10.4267
51	13	,	0.705634
51	14	and	4.24238
51	15	looking	8.39068
51	16	up	5.28419
51	17	to	1.61269
51	18	the	1.64503
51	19	clear	8.82769
51	20	sky	11.8115
51	21	above	6.87607
51	22	him	3.8242
51	23	,	3.53318
51	24	thought	10.8082
51	25	he	2.78623
51	26	would	2.8737
51	27	like	3.94657
51	28	to	0.370382
51	29	have	4.32455
51	30	a	2.11752
51	31	sail	10.8941
51	32	on	3.58428
51	33	one	5.59124
51	34	of	1.84877
51	35	the	0.838739
51	36	white	6.41025
51	37	,	5.00708
51	38	UNK-LC-DASH	2.46951
51	39	clouds	8.761
51	40	,	3.7902
51	41	instead	7.49296
51	42	of	0.093607
51	43	spending	7.40583
51	44	his	3.06302
51	45	whole	7.40653
51	46	life	4.47098
51	47	in	2.31917
51	48	the	1.3073
51	49	ocean	6.97273
51	50	.	10.4612
52	1	Of	6.47801
52	2	the	1.14886
52	3	sky	10.821
52	4	,	0.187219
52	5	little	8.73889
52	6	UNK-INITC	9.01941
52	7	had	4.94225
52	8	always	6.16636
52	9	been	1.31797
52	10	afraid	8.52966
52	11	,	3.5947
52	12	but	2.50126
52	13	he	2.77001
52	14	decided	6.13567
52	15	to	0.647172
52	16	finally	9.92236
52	17	face	6.4125
52	18	his	3.07799
52	19	demons	14.8455
52	20	and	2.51337
52	21	suggested	8.88122
52	22	a	2.9426
52	23	solution	7.17198
52	24	involving	9.462
52	25	the	1.48443
52	26	sun	8.45228
52	27	carrying	8.60421
52	28	him	4.88365
52	29	up	5.9654
52	30	to	2.53453
52	31	the	1.4336
52	32	sky	6.12127
52	33	would	13.3529
52	34	be	1.74577
52	35	ideal	10.2633
52	36	.	0.6861
53	1	The	1.77834
53	2	sun	10.8654
53	3	understood	12.6668
53	4	UNK-INITC	7.50865
53	5	's	1.75112
53	6	request	7.92669
53	7	came	6.26767
53	8	from	1.7447
53	9	his	4.10377
53	10	heart	6.21791
53	11	,	1.88076
53	12	so	4.65281
53	13	he	2.06381
53	14	acquiesced	11.6754
53	15	and	4.90528
53	16	also	7.30586
53	17	took	4.97742
53	18	ever	13.9194
53	19	so	5.33585
53	20	many	5.94878
53	21	other	5.48626
53	22	drops	11.3089
53	23	,	3.65211
53	24	so	6.13179
53	25	that	1.16838
53	26	UNK-INITC	7.09326
53	27	might	5.80544
53	28	not	2.6499
53	29	be	1.37843
53	30	UNK-LC	6.28013
53	31	on	3.95574
53	32	the	1.47338
53	33	way	4.4094
53	34	.	0.945199
54	1	It	3.96236
54	2	was	2.39859
54	3	only	5.33683
54	4	the	2.20221
54	5	sun	11.4762
54	6	that	2.27925
54	7	knew	9.01964
54	8	this	5.35633
54	9	,	3.36603
54	10	however	5.52772
54	11	,	1.36074
54	12	for	4.05264
54	13	all	4.51847
54	14	the	1.5842
54	15	other	4.71766
54	16	drops	10.3355
54	17	had	8.73935
54	18	been	3.01861
54	19	changed	7.88656
54	20	into	6.25083
54	21	fine	11.7728
54	22	mist	11.084
54	23	or	5.21011
54	24	UNK-LC	4.18882
54	25	and	4.57595
54	26	UNK-INITC	7.63825
54	27	could	10.7495
54	28	not	9.18759
54	29	see	11.9811
54	30	them	4.32362
54	31	.	8.81039
55	1	Do	8.32538
55	2	you	1.57926
55	3	know	2.69409
55	4	what	2.06432
55	5	UNK-LC	7.64468
55	6	is	3.4729
55	7	?	1.35864
55	8	If	14.566
55	9	you	1.56384
55	10	breathe	9.57069
55	11	into	3.17715
55	12	the	1.43565
55	13	air	6.09724
55	14	,	1.05583
55	15	when	6.1519
55	16	it	2.55129
55	17	is	2.18774
55	18	cold	9.27443
55	19	enough	5.8163
55	20	,	1.38112
55	21	you	1.88594
55	22	will	3.21806
55	23	see	3.35911
55	24	it	2.17393
55	25	coming	6.60346
55	26	out	2.95276
55	27	of	0.720784
55	28	your	4.32756
55	29	mouth	4.21889
55	30	thick	13.0583
55	31	and	3.83807
55	32	fast	5.39696
55	33	like	7.3606
55	34	steam	12.1041
55	35	.	2.51596
56	1	When	5.4752
56	2	the	1.39347
56	3	UNK-LC	6.50631
56	4	is	3.28485
56	5	quite	7.72147
56	6	near	8.17953
56	7	the	4.37319
56	8	earth	6.93174
56	9	,	0.364567
56	10	we	3.66619
56	11	call	7.56579
56	12	it	1.49045
56	13	UNK-LC	5.82281
56	14	'	6.75218
56	15	.	2.45484
57	1	Into	12.5441
57	2	UNK-LC	7.5025
57	3	the	4.6282
57	4	water	7.37971
57	5	drops	11.3785
57	6	that	4.20332
57	7	danced	11.1269
57	8	in	3.3085
57	9	the	1.28812
57	10	ocean	7.95176
57	11	had	9.57845
57	12	been	1.66042
57	13	changed	7.90065
57	14	,	3.14177
57	15	because	4.33194
57	16	in	5.2397
57	17	their	5.01466
57	18	own	3.63645
57	19	shape	7.66407
57	20	they	2.90306
57	21	were	2.36085
57	22	too	5.85274
57	23	heavy	6.20538
57	24	for	2.71805
57	25	the	1.85843
57	26	UNK-LC-s	5.94137
57	27	that	3.25287
57	28	the	3.12014
57	29	sun	6.21595
57	30	let	9.62257
57	31	out	7.33481
57	32	to	3.25319
57	33	carry	6.42418
57	34	.	3.99656
58	1	Higher	8.90392
58	2	and	7.89657
58	3	higher	6.34291
58	4	they	13.1037
58	5	sailed	12.1494
58	6	,	5.18277
58	7	and	2.43637
58	8	though	8.32503
58	9	it	2.64081
58	10	was	2.62812
58	11	grand	12.78
58	12	,	3.35622
58	13	UNK-INITC	7.23446
58	14	and	2.62677
58	15	his	4.85032
58	16	friends	4.46734
58	17	were	2.53885
58	18	like	7.90565
58	19	fish	8.86
58	20	out	7.419
58	21	of	0.395736
58	22	water	8.24475
58	23	,	2.94302
58	24	so	5.94029
58	25	they	2.62834
58	26	grew	7.73082
58	27	quite	8.39005
58	28	dizzy	15.0962
58	29	.	0.563901
59	1	They	4.75512
59	2	enjoyed	9.33293
59	3	looking	7.99676
59	4	down	5.66826
59	5	on	2.6894
59	6	the	1.29454
59	7	world	4.98385
59	8	below	11.1263
59	9	,	4.87231
59	10	while	3.15534
59	11	the	1.62951
59	12	wind	7.04719
59	13	scattered	14.0038
59	14	them	7.9412
59	15	across	6.22342
59	16	the	0.633775
59	17	four	7.26972
59	18	corners	7.08349
59	19	of	0.919907
59	20	the	0.579347
59	21	earth	6.14294
59	22	,	2.7845
59	23	but	4.34473
59	24	after	7.03025
59	25	a	2.25709
59	26	while	4.28399
59	27	it	7.23309
59	28	grew	7.58081
59	29	nearly	8.03076
59	30	time	17.9329
59	31	for	4.58547
59	32	the	1.39674
59	33	sun	7.67199
59	34	to	3.44889
59	35	go	3.77982
59	36	to	2.28117
59	37	bed	6.45136
59	38	.	7.78713
60	1	He	3.75499
60	2	became	6.62089
60	3	very	6.92145
60	4	red	14.2049
60	5	in	1.6915
60	6	the	1.66849
60	7	face	4.82443
60	8	,	4.56934
60	9	and	2.09751
60	10	began	7.76758
60	11	to	2.4205
60	12	sink	8.83937
60	13	lower	6.84736
60	14	and	3.18586
60	15	lower	5.77901
60	16	,	3.67887
60	17	until	6.69358
60	18	suddenly	10.5308
60	19	he	2.64295
60	20	went	5.00863
60	21	clear	7.7778
60	22	out	6.5643
60	23	of	0.149876
60	24	sight	5.02238
60	25	!	7.33161
60	26	Poor	20.3313
60	27	little	12.4018
60	28	UNK-INITC	6.15349
60	29	,	3.53075
60	30	frightened	12.9731
60	31	by	4.31485
60	32	the	1.69093
60	33	impending	9.22156
60	34	cold	8.95636
60	35	and	7.29255
60	36	darkness	12.5265
60	37	,	2.24759
60	38	wished	10.7433
60	39	he	4.57123
60	40	could	3.34295
60	41	sleep	7.41169
60	42	not	9.26796
60	43	in	2.75454
60	44	the	1.45066
60	45	sky	6.50144
60	46	,	2.64643
60	47	but	2.11982
60	48	somewhere	7.14177
60	49	closer	11.4598
60	50	to	0.591559
60	51	earth	8.98782
60	52	.	0.848534
61	1	Then	6.47004
61	2	UNK-INITC	7.5018
61	3	heard	8.67132
61	4	the	2.5435
61	5	wind	8.07212
61	6	blow	10.423
61	7	and	4.34282
61	8	UNK-LC-ed	4.16054
61	9	that	4.98785
61	10	maybe	10.9227
61	11	the	2.0218
61	12	wind	6.68151
61	13	could	4.29346
61	14	take	4.74174
61	15	him	4.50511
61	16	back	3.88754
61	17	down	4.70591
61	18	to	2.32235
61	19	the	1.45749
61	20	ocean	6.8818
61	21	.	0.618251
62	1	Indeed	6.48953
62	2	,	0.0411843
62	3	the	1.51169
62	4	wind	9.16677
62	5	took	6.65851
62	6	pity	14.2423
62	7	on	2.9543
62	8	him	6.84596
62	9	and	3.15276
62	10	fanned	8.76835
62	11	him	3.18536
62	12	,	3.92307
62	13	together	7.42833
62	14	with	1.30425
62	15	all	5.22824
62	16	of	1.86188
62	17	his	1.86092
62	18	brothers	7.03701
62	19	and	2.77297
62	20	sisters	3.05177
62	21	,	1.97308
62	22	into	5.81653
62	23	a	1.51888
62	24	heavy	8.46022
62	25	gray	7.9871
62	26	cloud	7.74567
62	27	,	2.99683
62	28	after	5.67108
62	29	which	10.0245
62	30	he	2.67782
62	31	blew	8.89959
62	32	them	8.06342
62	33	apart	6.97752
62	34	and	5.38752
62	35	told	8.86457
62	36	them	3.01937
62	37	to	1.98381
62	38	hurry	12.9423
62	39	down	6.43198
62	40	,	4.86
62	41	fast	9.99541
62	42	and	3.54143
62	43	furious	14.2777
62	44	to	4.97584
62	45	the	1.41835
62	46	earth	7.30081
62	47	,	3.16924
62	48	so	5.08512
62	49	they	3.08999
62	50	could	3.03006
62	51	have	3.40531
62	52	a	2.43433
62	53	fighting	13.1783
62	54	chance	9.84438
62	55	of	1.36051
62	56	reaching	6.13585
62	57	the	1.62283
62	58	ocean	7.22578
62	59	.	9.59986
63	1	Down	11.9825
63	2	they	8.77349
63	3	went	5.74638
63	4	,	5.63218
63	5	rolling	7.70916
63	6	over	5.80709
63	7	each	5.68677
63	8	other	2.85099
63	9	until	6.86768
63	10	with	6.60707
63	11	a	2.12276
63	12	patter	16.1236
63	13	and	4.54744
63	14	UNK-LC-er	6.67188
63	15	and	4.34021
63	16	UNK-LC-er	6.08121
63	17	they	7.35535
63	18	touched	12.6299
63	19	the	3.8628
63	20	ground	6.22097
63	21	,	4.41528
63	22	and	4.05951
63	23	all	6.54328
63	24	the	2.15362
63	25	people	5.09705
63	26	that	4.78399
63	27	the	4.01817
63	28	UNK-LC-s	5.86814
63	29	fell	9.34357
63	30	on	3.76101
63	31	cried	16.4327
63	32	,	2.28011
63	33	UNK-CAPS	7.22823
63	34	's	6.5157
63	35	UNK-LC-ing	9.27071
63	36	'	7.78798
63	37	,	3.54019
63	38	and	4.1214
63	39	took	7.22259
63	40	out	3.74467
63	41	their	5.32331
63	42	UNK-LC-s	4.85445
63	43	.	8.0434
64	1	Some	5.00285
64	2	of	1.9764
64	3	the	0.58582
64	4	drops	12.9267
64	5	that	4.42861
64	6	were	2.83014
64	7	the	4.11765
64	8	most	3.58182
64	9	fortunate	9.09832
64	10	,	5.25142
64	11	including	4.762
64	12	UNK-INITC	5.51652
64	13	,	1.79598
64	14	fell	7.26857
64	15	on	4.25562
64	16	a	2.24468
64	17	mountainside	10.0994
64	18	,	2.21865
64	19	and	4.25803
64	20	down	7.91266
64	21	the	6.26982
64	22	rocky	11.3901
64	23	cliff	10.3741
64	24	they	4.94275
64	25	ran	6.38345
64	26	.	1.8075
65	1	Together	9.17933
65	2	they	5.02233
65	3	plunged	11.0231
65	4	into	3.06771
65	5	a	2.28671
65	6	mountain	9.87919
65	7	UNK-LC	6.61841
65	8	,	1.77796
65	9	which	3.57109
65	10	came	6.69394
65	11	UNK-LC-ing	11.6594
65	12	and	4.21068
65	13	dashing	12.8391
65	14	along	7.33116
65	15	,	5.0482
65	16	leaping	9.80635
65	17	over	4.70638
65	18	rocks	10.2229
65	19	and	2.15581
65	20	rushing	11.9482
65	21	down	10.5991
65	22	the	2.68017
65	23	hillside	9.51679
65	24	,	3.58697
65	25	until	6.78233
65	26	in	6.38867
65	27	the	1.92274
65	28	valley	7.87379
65	29	below	9.7178
65	30	they	4.17781
65	31	heard	7.44862
65	32	the	2.43578
65	33	UNK-LC-est	6.8766
65	34	UNK-LC-ing	6.5937
65	35	noise	9.58698
65	36	.	2.07654
66	1	The	1.77834
66	2	little	8.39684
66	3	water	8.6938
66	4	drops	8.75691
66	5	were	7.58198
66	6	then	6.15656
66	7	able	6.81817
66	8	to	0.0563496
66	9	make	3.61915
66	10	out	6.95451
66	11	a	2.36085
66	12	flour	12.6518
66	13	mill	11.0095
66	14	that	2.64294
66	15	was	3.89705
66	16	standing	8.93677
66	17	on	2.48635
66	18	the	1.27563
66	19	bank	9.46252
66	20	.	2.03066
67	1	Inside	9.74325
67	2	the	1.27112
67	3	mill	9.26324
67	4	,	0.671865
67	5	the	1.4933
67	6	water	7.33611
67	7	drops	9.44035
67	8	saw	13.0344
67	9	two	5.89518
67	10	great	7.96706
67	11	stones	8.40019
67	12	,	2.0878
67	13	which	2.54896
67	14	the	4.06404
67	15	big	7.33326
67	16	wheel	11.1783
67	17	kept	8.42153
67	18	whizzing	12.7284
67	19	round	13.3439
67	20	and	4.61856
67	21	round	10.4871
67	22	.	2.9149
68	1	The	1.77834
68	2	stones	13.9211
68	3	,	2.52047
68	4	smoothed	14.3346
68	5	by	0.659622
68	6	the	1.37939
68	7	spinning	13.4142
68	8	,	2.15144
68	9	were	6.24354
68	10	busy	10.0012
68	11	grinding	11.7656
68	12	the	2.99275
68	13	wheat	9.18156
68	14	into	3.75674
68	15	flour	11.4598
68	16	and	2.30643
68	17	the	3.76776
68	18	corn	9.05939
68	19	into	8.32659
68	20	golden	12.0343
68	21	meal	10.5664
68	22	.	0.852036
69	1	But	3.17615
69	2	what	5.71155
69	3	giant	11.3558
69	4	do	14.8213
69	5	you	5.91889
69	6	suppose	7.82868
69	7	it	2.16924
69	8	was	2.94628
69	9	who	8.18079
69	10	could	4.01634
69	11	turn	5.43286
69	12	and	6.30985
69	13	swing	9.79886
69	14	that	5.11241
69	15	tremendous	10.5044
69	16	wheel	10.0016
69	17	?	1.49639
69	18	No	14.1641
69	19	giant	14.3378
69	20	at	7.60992
69	21	all	3.97947
69	22	.	2.62956
70	1	It	3.96236
70	2	was	2.39859
70	3	just	5.66524
70	4	our	7.6886
70	5	tiny	8.54966
70	6	little	7.03365
70	7	water	8.40147
70	8	drops	14.7058
70	9	,	1.97981
70	10	who	7.28572
70	11	sprang	9.99993
70	12	on	4.85049
70	13	it	4.56525
70	14	by	4.20658
70	15	hundreds	9.85992
70	16	and	6.45554
70	17	thousands	6.70656
70	18	,	4.00868
70	19	and	3.56417
70	20	UNK-LC-ed	7.26807
70	21	it	4.64393
70	22	over	5.54811
70	23	and	6.85783
70	24	over	4.17377
70	25	.	0.730204
71	1	It	3.96236
71	2	was	2.39859
71	3	lucky	11.0052
71	4	for	2.3196
71	5	the	1.55821
71	6	water	8.59676
71	7	drops	13.0216
71	8	that	4.32035
71	9	the	2.92262
71	10	UNK-LC	6.59412
71	11	where	8.8962
71	12	they	2.37912
71	13	were	2.2461
71	14	swimming	8.42552
71	15	next	8.65653
71	16	emptied	15.2106
71	17	into	5.88463
71	18	a	1.85852
71	19	beautiful	6.51635
71	20	pond	9.17841
71	21	where	5.94774
71	22	ducks	11.9847
71	23	and	2.51669
71	24	geese	12.3379
71	25	were	2.48231
71	26	living	5.7272
71	27	peacefully	11.7037
71	28	.	4.23984
72	1	UNK-INITC	6.1347
72	2	liked	11.1708
72	3	to	1.26568
72	4	play	4.78238
72	5	UNK-LC-DASH	6.87888
72	6	in	3.57586
72	7	this	4.90525
72	8	pond	10.248
72	9	,	1.6531
72	10	and	1.68083
72	11	it	2.75338
72	12	was	2.47893
72	13	his	4.94046
72	14	brother	5.71716
72	15	water	14.8112
72	16	drop	12.67
72	17	who	8.47555
72	18	he	4.79518
72	19	fooled	17.4432
72	20	by	5.15995
72	21	swimming	8.02423
72	22	to	5.3122
72	23	a	2.61591
72	24	big	5.83759
72	25	pool	7.46106
72	26	of	1.15348
72	27	water	7.30977
72	28	and	3.0904
72	29	pretending	17.9215
72	30	to	1.34586
72	31	hide	6.82138
72	32	there	7.73353
72	33	,	4.70663
72	34	but	5.44961
72	35	then	4.76259
72	36	sneaking	11.7429
72	37	under	6.40776
72	38	a	2.63854
72	39	rock	6.75139
72	40	into	9.5924
72	41	an	3.77574
72	42	obscured	14.5364
72	43	little	7.65153
72	44	UNK-LC	3.18295
72	45	.	9.98886
73	1	His	5.855
73	2	brother	6.26401
73	3	had	4.9092
73	4	blatantly	12.3888
73	5	peaked	10.7362
73	6	and	3.47332
73	7	even	6.04005
73	8	followed	6.8872
73	9	UNK-INITC	6.98417
73	10	as	3.88393
73	11	he	3.67295
73	12	entered	6.72393
73	13	the	1.60469
73	14	big	7.1972
73	15	pool	9.64279
73	16	of	0.822533
73	17	water	6.86826
73	18	,	3.5894
73	19	so	7.42338
73	20	when	7.27643
73	21	he	1.21328
73	22	searched	11.1775
73	23	there	6.53909
73	24	and	6.60674
73	25	could	6.36893
73	26	not	5.21537
73	27	find	4.61628
73	28	him	3.81663
73	29	,	5.9491
73	30	he	6.48381
73	31	was	2.59897
73	32	extremely	8.8993
73	33	surprised	5.14065
73	34	and	4.1039
73	35	gave	5.92441
73	36	up	2.29824
73	37	.	4.67151
74	1	UNK-INITC	6.1347
74	2	liked	11.1708
74	3	this	5.23279
74	4	pond	12.7436
74	5	where	8.21679
74	6	he	2.14895
74	7	could	4.86281
74	8	play	4.85462
74	9	all	6.8594
74	10	day	6.93913
74	11	,	2.87161
74	12	so	4.09948
74	13	he	1.57116
74	14	stayed	7.0471
74	15	a	3.33984
74	16	good	4.68107
74	17	while	7.55378
74	18	,	3.47249
74	19	sailing	9.91038
74	20	up	6.28768
74	21	and	3.99882
74	22	down	2.53325
74	23	,	2.99853
74	24	taking	5.33896
74	25	the	2.41979
74	26	ducks	8.0589
74	27	'	7.49731
74	28	backs	6.86701
74	29	for	4.16593
74	30	ships	11.9701
74	31	and	1.36813
74	32	the	5.54714
74	33	frogs	9.80946
74	34	for	3.44527
74	35	horses	7.84384
74	36	,	2.69412
74	37	but	5.19768
74	38	after	6.50666
74	39	a	2.4113
74	40	time	6.32402
74	41	he	2.89233
74	42	tired	14.1058
74	43	of	0.646622
74	44	the	2.55243
74	45	dull	10.7557
74	46	life	6.40915
74	47	,	2.9689
74	48	and	2.87023
74	49	he	6.95363
74	50	and	8.66246
74	51	his	3.17931
74	52	brothers	7.29507
74	53	floated	15.2096
74	54	under	6.6818
74	55	a	2.36909
74	56	bridge	10.7411
74	57	for	5.60147
74	58	a	2.52124
74	59	long	4.63126
74	60	distance	5.28499
74	61	,	3.78546
74	62	until	6.61694
74	63	they	2.83854
74	64	saw	5.78963
74	65	another	5.84307
74	66	UNK-LC	4.10254
74	67	tumbling	13.8249
74	68	down	5.5935
74	69	a	3.20094
74	70	hillside	7.52275
74	71	.	0.91424
75	1	UNK-CAPS	5.89449
75	2	,	2.87592
75	3	let	10.8907
75	4	's	3.60542
75	5	join	6.09483
75	6	hands	11.535
75	7	!	6.58472
75	8	'	4.77838
75	9	cried	14.1905
75	10	UNK-INITC	5.71912
75	11	and	4.69063
75	12	because	14.5712
75	13	the	2.08346
75	14	water	7.75025
75	15	drops	8.12916
75	16	were	7.24085
75	17	all	6.15889
75	18	together	9.2288
75	19	,	3.48949
75	20	overcoming	10.3522
75	21	the	1.72518
75	22	UNK-LC	4.49347
75	23	was	12.1879
75	24	child	10.8707
75	25	's	3.51668
75	26	play	8.28315
75	27	.	0.282082
76	1	It	3.96236
76	2	was	2.39859
76	3	by	7.71638
76	4	the	1.90938
76	5	help	7.76459
76	6	of	0.355739
76	7	UNK-INITC	6.05806
76	8	and	3.62741
76	9	his	4.05836
76	10	brothers	6.22881
76	11	that	4.83303
76	12	the	2.44773
76	13	UNK-LC-ing	8.23364
76	14	river	8.78787
76	15	was	3.14892
76	16	able	5.80836
76	17	to	0.0364051
76	18	float	8.83121
76	19	heavy	10.5856
76	20	ships	10.2403
76	21	,	2.53947
76	22	though	5.51864
76	23	not	5.51542
76	24	so	4.85292
76	25	long	4.54601
76	26	ago	5.65191
76	27	it	4.44177
76	28	was	1.96111
76	29	only	5.79979
76	30	a	1.93643
76	31	little	4.55048
76	32	stream	10.6135
76	33	.	1.58255
77	1	As	4.52913
77	2	the	2.43801
77	3	river	8.55317
77	4	grew	6.12215
77	5	wider	10.5443
77	6	and	3.00499
77	7	he	7.36117
77	8	could	6.04156
77	9	almost	8.26955
77	10	see	4.65715
77	11	the	1.67173
77	12	ocean	8.10858
77	13	,	1.45166
77	14	UNK-INITC	6.85104
77	15	realized	8.60221
77	16	his	4.89505
77	17	journey	7.96895
77	18	was	1.91774
77	19	almost	6.50197
77	20	over	6.02668
77	21	and	4.01852
77	22	he	8.04453
77	23	had	3.83986
77	24	come	6.00889
77	25	full	9.27821
77	26	circle	7.08668
77	27	.	1.41053
78	1	Back	8.91464
78	2	in	0.458291
78	3	the	1.29404
78	4	ocean	8.87159
78	5	,	0.451974
78	6	he	2.89157
78	7	felt	7.96887
78	8	right	7.79881
78	9	at	4.76978
78	10	home	4.17019
78	11	.	1.17341
79	1	For	4.44823
79	2	him	5.68793
79	3	,	0.245835
79	4	this	5.17529
79	5	was	2.97246
79	6	the	1.98677
79	7	safest	8.22246
79	8	,	3.47988
79	9	sweetest	12.426
79	10	place	3.90958
79	11	in	2.08648
79	12	the	1.13818
79	13	whole	7.38567
79	14	wide	11.6514
79	15	world	3.86243
79	16	.	1.16259
80	1	During	6.61438
80	2	the	0.622852
80	3	warm	9.34808
80	4	summer	5.08078
80	5	evenings	13.1853
80	6	,	0.400666
80	7	if	7.31427
80	8	you	3.7373
80	9	take	5.52045
80	10	a	1.92648
80	11	walk	7.82851
80	12	on	2.35327
80	13	the	1.30013
80	14	sea	6.48366
80	15	beach	10.7151
80	16	,	0.480911
80	17	you	2.32174
80	18	will	3.18372
80	19	hear	6.5856
80	20	the	2.08635
80	21	gentle	12.1893
80	22	UNK-LC-ing	7.16524
80	23	UNK-LC	5.2396
80	24	of	1.55683
80	25	the	1.30584
80	26	waves	10.3597
80	27	and	3.79977
80	28	some	5.48775
80	29	say	9.00013
80	30	that	3.63544
80	31	it	4.22528
80	32	must	6.18628
80	33	be	1.52679
80	34	the	3.80589
80	35	UNK-LC-ing	7.89667
80	36	voices	9.07518
80	37	of	0.804547
80	38	UNK-INITC	6.56629
80	39	and	2.73305
80	40	his	3.90051
80	41	brother	4.26599
80	42	water	13.8094
80	43	drops	13.948
80	44	telling	13.6881
80	45	each	6.10715
80	46	other	2.39749
80	47	about	2.88454
80	48	their	4.0545
80	49	wonderful	7.60211
80	50	journey	8.42284
80	51	around	7.06477
80	52	the	0.844035
80	53	world	3.66998
80	54	.	7.05796
81	1	It	3.96236
81	2	was	2.39859
81	3	cold	12.5444
81	4	and	4.29564
81	5	nearly	7.41408
81	6	dark	8.45964
81	7	on	4.14244
81	8	the	1.10858
81	9	last	5.21518
81	10	evening	5.25022
81	11	of	2.57661
81	12	the	0.995562
81	13	old	6.56962
81	14	year	5.33737
81	15	,	1.85526
81	16	and	4.86369
81	17	the	2.27624
81	18	snow	9.97014
81	19	was	5.49341
81	20	falling	8.15893
81	21	fast	6.60469
81	22	and	3.31563
81	23	furious	12.8069
81	24	.	0.626737
82	1	A	3.82173
82	2	little	7.62045
82	3	girl	4.742
82	4	no	8.50699
82	5	one	4.41069
82	6	sheltered	11.1547
82	7	from	2.82243
82	8	the	1.41188
82	9	UNK-LC	4.45624
82	10	air	8.72312
82	11	roamed	11.8083
82	12	through	4.39732
82	13	the	1.49904
82	14	streets	5.1347
82	15	with	3.84831
82	16	a	1.58487
82	17	bare	7.96325
82	18	head	6.47634
82	19	and	2.15907
82	20	naked	13.7138
82	21	feet	6.03503
82	22	,	4.35112
82	23	looking	7.20294
82	24	as	4.63316
82	25	poor	8.42652
82	26	as	3.01437
82	27	a	1.89406
82	28	church	9.2552
82	29	mouse	12.0216
82	30	.	0.720635
83	1	It	3.96236
83	2	's	1.88978
83	3	true	4.4349
83	4	she	9.10307
83	5	had	3.38407
83	6	on	7.02454
83	7	a	2.39577
83	8	pair	8.63926
83	9	of	0.469604
83	10	UNK-LC-s	3.60325
83	11	her	7.49672
83	12	mother	4.47756
83	13	had	6.16241
83	14	once	6.47551
83	15	given	3.75821
83	16	her	5.29876
83	17	when	8.38286
83	18	she	1.50909
83	19	left	4.29464
83	20	home	6.00317
83	21	,	4.81484
83	22	but	5.31235
83	23	they	6.77699
83	24	were	2.49105
83	25	as	6.47226
83	26	much	7.25279
83	27	use	14.5492
83	28	to	1.7321
83	29	her	5.84414
83	30	as	3.77216
83	31	a	2.47015
83	32	chocolate	10.6261
83	33	teapot	12.9282
83	34	.	0.294027
84	1	The	1.77834
84	2	UNK-LC-s	7.76939
84	3	owned	9.82915
84	4	by	0.611519
84	5	her	8.11169
84	6	mother	4.8293
84	7	were	2.21596
84	8	so	5.33065
84	9	large	5.01762
84	10	that	1.42967
84	11	the	1.72053
84	12	UNK-LC-ed	8.06938
84	13	little	7.42981
84	14	creature	8.75105
84	15	had	4.17979
84	16	lost	5.6614
84	17	them	4.92217
84	18	while	6.89292
84	19	running	7.20238
84	20	across	5.69836
84	21	the	0.741819
84	22	street	2.59595
84	23	to	4.28308
84	24	avoid	5.5803
84	25	two	6.64537
84	26	carriages	11.4894
84	27	that	6.92802
84	28	were	2.8924
84	29	rolling	7.79865
84	30	along	5.79389
84	31	at	3.88236
84	32	a	1.85775
84	33	terrible	10.0044
84	34	rate	6.91093
84	35	.	9.22536
85	1	One	5.28115
85	2	of	1.6987
85	3	the	0.552813
85	4	UNK-LC-s	6.15864
85	5	she	6.44154
85	6	could	5.02467
85	7	not	4.14154
85	8	find	4.53114
85	9	,	3.84234
85	10	and	3.15991
85	11	a	2.27862
85	12	boy	6.90073
85	13	seized	11.3288
85	14	upon	6.73913
85	15	the	1.50934
85	16	other	5.15703
85	17	,	2.06879
85	18	saying	9.19307
85	19	that	2.15181
85	20	he	1.87818
85	21	could	3.92493
85	22	use	5.62327
85	23	it	3.8106
85	24	as	2.74819
85	25	a	1.02426
85	26	home	6.9085
85	27	for	3.1773
85	28	his	2.50738
85	29	little	6.81431
85	30	pet	8.81827
85	31	mouse	11.337
85	32	.	1.14756
86	1	So	5.80106
86	2	with	6.10313
86	3	her	5.4414
86	4	naked	11.9793
86	5	feet	9.04711
86	6	,	0.657994
86	7	which	6.36736
86	8	were	4.86839
86	9	quite	7.40373
86	10	red	11.0684
86	11	and	2.94109
86	12	blue	3.05426
86	13	with	6.09676
86	14	the	1.69099
86	15	cold	7.65974
86	16	,	2.92587
86	17	the	1.86284
86	18	little	6.88804
86	19	girl	3.98668
86	20	went	5.76267
86	21	on	3.34802
86	22	,	4.00329
86	23	wondering	6.83602
86	24	how	2.17538
86	25	she	2.95207
86	26	would	3.51008
86	27	get	3.80379
86	28	through	5.15977
86	29	this	4.78142
86	30	dreadful	13.3533
86	31	night	7.75808
86	32	.	0.4128
87	1	She	6.0508
87	2	approached	10.2311
87	3	an	4.31181
87	4	old	3.94519
87	5	UNK-LC	4.13746
87	6	she	7.52725
87	7	had	3.03158
87	8	used	4.32514
87	9	as	2.76689
87	10	a	1.26095
87	11	shelter	8.86343
87	12	a	6.57604
87	13	few	2.08148
87	14	times	5.07541
87	15	before	2.00483
87	16	,	1.75509
87	17	and	1.27923
87	18	found	6.2543
87	19	the	2.59618
87	20	entrance	9.10875
87	21	was	4.35232
87	22	locked	8.47511
87	23	.	2.43173
88	1	Tough	12.8559
88	2	luck	11.8533
88	3	for	3.79029
88	4	the	1.53638
88	5	girl	9.25046
88	6	!	9.39234
88	7	This	12.1787
88	8	day	6.51101
88	9	was	3.38215
88	10	even	6.51845
88	11	worse	3.59341
88	12	than	1.63602
88	13	the	2.00731
88	14	others	6.74521
88	15	.	1.07771
89	1	No	6.73213
89	2	Good	14.0437
89	3	Samaritan	11.1136
89	4	had	6.26821
89	5	given	5.68539
89	6	her	4.70953
89	7	even	8.41272
89	8	a	2.50793
89	9	penny	7.84915
89	10	.	1.66826
90	1	And	4.30949
90	2	she	5.34705
90	3	had	4.15526
90	4	no	3.7481
90	5	luck	7.47231
90	6	selling	10.2055
90	7	any	5.55103
90	8	matches	8.77495
90	9	that	3.27987
90	10	she	4.1032
90	11	carried	7.42844
90	12	in	2.16899
90	13	the	1.54948
90	14	old	6.99812
90	15	UNK-LC	4.39879
90	16	her	9.82712
90	17	grandmother	7.46636
90	18	had	5.8354
90	19	given	4.07377
90	20	her	6.44098
90	21	.	3.23875
91	1	Poor	9.96825
91	2	little	12.6627
91	3	child	11.7834
91	4	,	3.0299
91	5	she	5.68099
91	6	looked	10.3961
91	7	the	6.75652
91	8	picture	7.44982
91	9	of	2.55451
91	10	misery	11.1043
91	11	.	1.85508
92	1	On	5.31213
92	2	her	6.95068
92	3	long	6.30474
92	4	,	4.02026
92	5	fair	9.78046
92	6	hair	9.8305
92	7	,	0.380608
92	8	which	6.21176
92	9	hung	9.04645
92	10	in	2.80262
92	11	curls	13.7664
92	12	on	3.70599
92	13	her	4.9726
92	14	shoulders	7.51607
92	15	,	0.84109
92	16	the	2.18123
92	17	snowflakes	13.7504
92	18	kept	6.83504
92	19	landing	8.51172
92	20	,	3.29163
92	21	but	5.68867
92	22	she	7.05891
92	23	did	4.27315
92	24	not	2.35818
92	25	notice	9.09227
92	26	them	4.32464
92	27	as	3.11273
92	28	she	9.9985
92	29	UNK-LC-ed	5.81059
92	30	along	6.32573
92	31	.	1.51908
93	1	She	6.0508
93	2	was	3.20607
93	3	losing	9.92303
93	4	strength	7.52395
93	5	and	3.41855
93	6	beginning	11.548
93	7	to	2.09419
93	8	doubt	9.97208
93	9	she	5.58572
93	10	could	3.30035
93	11	weather	8.85002
93	12	this	4.56927
93	13	storm	7.3749
93	14	.	1.26363
94	1	It	3.96236
94	2	was	2.39859
94	3	New	9.03012
94	4	Year	3.24162
94	5	's	0.13957
94	6	,	7.83921
94	7	and	1.79053
94	8	the	1.47318
94	9	girl	10.2443
94	10	asked	6.27691
94	11	herself	6.42217
94	12	why	6.08573
94	13	,	5.6302
94	14	as	3.24853
94	15	lights	12.1857
94	16	shone	15.662
94	17	from	4.2081
94	18	every	6.50065
94	19	window	8.21503
94	20	,	1.21997
94	21	and	5.56492
94	22	the	3.02068
94	23	UNK-LC-y	6.76965
94	24	smell	9.35164
94	25	of	0.91239
94	26	roast	13.0274
94	27	goose	9.17606
94	28	crept	12.5699
94	29	out	2.32982
94	30	on	4.69857
94	31	the	1.30616
94	32	streets	4.03193
94	33	,	3.61782
94	34	she	7.84721
94	35	was	2.8521
94	36	outside	8.75535
94	37	all	7.68213
94	38	alone	9.59114
94	39	.	0.382441
95	1	UNK-INITC-KNOWNLC-ed	7.20414
95	2	,	3.60564
95	3	she	4.92039
95	4	finally	7.03087
95	5	sat	6.4887
95	6	down	2.84334
95	7	in	2.55571
95	8	a	2.0804
95	9	corner	6.13411
95	10	behind	9.6571
95	11	the	1.23869
95	12	little	7.97959
95	13	bakery	13.0358
95	14	.	0.855228
96	1	She	6.0508
96	2	put	6.86728
96	3	a	2.4399
96	4	rag	14.0096
96	5	she	9.84646
96	6	had	2.87266
96	7	found	5.3659
96	8	over	5.19757
96	9	her	4.38161
96	10	legs	8.58593
96	11	to	4.5339
96	12	cover	7.28839
96	13	herself	5.94518
96	14	,	2.48464
96	15	but	1.5161
96	16	she	6.2157
96	17	could	5.04529
96	18	not	3.06706
96	19	keep	5.49658
96	20	off	5.83647
96	21	the	2.56641
96	22	cold	7.3619
96	23	.	2.98644
97	1	The	1.77834
97	2	girl	10.4345
97	3	,	2.13095
97	4	who	1.50331
97	5	the	7.08372
97	6	night	9.04333
97	7	air	11.5941
97	8	had	4.42482
97	9	completely	9.60348
97	10	enveloped	10.1384
97	11	,	1.47175
97	12	dared	9.6373
97	13	not	6.31443
97	14	go	4.34742
97	15	home	4.2943
97	16	,	2.45137
97	17	for	5.54579
97	18	she	4.9968
97	19	had	3.51847
97	20	sold	6.19183
97	21	no	6.13087
97	22	matches	7.07409
97	23	.	1.13163
98	1	Her	7.62989
98	2	father	4.02721
98	3	had	4.28061
98	4	been	2.13761
98	5	mean	14.2973
98	6	and	5.25727
98	7	UNK-LC-y	6.49203
98	8	ever	8.13168
98	9	since	2.56302
98	10	his	4.43568
98	11	wife	5.68784
98	12	had	4.14017
98	13	gone	5.30593
98	14	to	1.51642
98	15	meet	6.80393
98	16	her	4.51163
98	17	UNK-INITC-KNOWNLC-er	11.6277
98	18	.	3.59445
99	1	He	3.75499
99	2	would	4.52495
99	3	certainly	6.57775
99	4	beat	8.06711
99	5	her	4.47193
99	6	,	4.36367
99	7	as	4.56401
99	8	he	1.47968
99	9	has	3.27694
99	10	done	2.77473
99	11	several	6.0158
99	12	times	1.48009
99	13	in	2.30601
99	14	the	1.13533
99	15	weeks	7.7157
99	16	past	8.48102
99	17	,	3.0371
99	18	because	3.32531
99	19	she	3.38859
99	20	had	3.50938
99	21	not	4.43164
99	22	earned	8.15915
99	23	any	3.12248
99	24	money	2.70988
99	25	today	9.52056
99	26	.	0.70729
100	1	Besides	7.31867
100	2	,	1.3798
100	3	it	3.52717
100	4	was	3.07821
100	5	almost	6.17729
100	6	as	2.41967
100	7	cold	7.33028
100	8	at	5.55304
100	9	home	4.28471
100	10	as	3.41495
100	11	outside	10.0731
100	12	,	5.19855
100	13	for	5.8481
100	14	they	8.41917
100	15	had	6.35546
100	16	only	5.93394
100	17	a	1.38469
100	18	UNK-LC-y	6.62204
100	19	roof	8.29112
100	20	to	2.91942
100	21	cover	7.54372
100	22	them	4.50179
100	23	.	0.267138
101	1	The	1.77834
101	2	girl	10.4345
101	3	's	1.61726
101	4	little	8.34208
101	5	hands	8.7469
101	6	were	2.62141
101	7	almost	6.2972
101	8	frozen	9.74733
101	9	solid	13.9569
101	10	so	7.5915
101	11	she	4.21686
101	12	decided	7.3721
101	13	that	2.86794
101	14	a	3.26162
101	15	burning	9.55942
101	16	match	8.78947
101	17	might	4.18209
101	18	be	0.875377
101	19	of	7.83032
101	20	some	5.25028
101	21	good	5.50621
101	22	.	3.1929
102	1	UNK-CAPS	5.89449
102	2	!	7.18161
102	3	'	6.68405
102	4	sounded	14.2213
102	5	the	4.2263
102	6	match	9.25885
102	7	as	4.82899
102	8	she	6.14474
102	9	drew	8.50778
102	10	it	3.29111
102	11	out	3.07558
102	12	.	1.13005
103	1	How	7.49028
103	2	it	4.91601
103	3	sputtered	14.9829
103	4	as	4.83614
103	5	it	4.86331
103	6	burnt	15.2188
103	7	!	9.05967
103	8	It	11.4042
103	9	gave	7.67432
103	10	a	2.51417
103	11	warm	6.81847
103	12	,	3.942
103	13	UNK-LC-DASH	2.5435
103	14	bright	9.18211
103	15	light	4.80005
103	16	that	4.43106
103	17	the	3.1997
103	18	girl	7.14999
103	19	hid	10.4204
103	20	from	4.20318
103	21	the	1.47608
103	22	world	5.99788
103	23	as	3.99709
103	24	she	4.64097
103	25	held	8.7439
103	26	her	5.84812
103	27	hand	5.71318
103	28	over	5.49322
103	29	it	5.39126
103	30	.	0.588966
104	1	Why	7.41778
104	2	had	5.78974
104	3	no	5.68512
104	4	one	1.80509
104	5	wanted	5.54873
104	6	to	0.743334
104	7	buy	4.33332
104	8	even	8.54759
104	9	one	4.22598
104	10	match	11.3992
104	11	?	1.61688
104	12	A	14.3079
104	13	wonderful	7.75066
104	14	light	10.3871
104	15	,	4.35102
104	16	it	5.32609
104	17	was	2.81325
104	18	really	5.40407
104	19	.	3.55095
105	1	It	3.96236
105	2	seemed	6.6232
105	3	to	0.966792
105	4	the	4.76171
105	5	girl	8.72945
105	6	that	2.57321
105	7	she	2.81705
105	8	was	1.90295
105	9	sitting	7.17613
105	10	by	6.25973
105	11	a	2.22492
105	12	large	6.21938
105	13	iron	12.4821
105	14	UNK-LC	3.95385
105	15	,	2.11894
105	16	with	4.4719
105	17	polished	12.0232
105	18	brass	9.91561
105	19	feet	6.28158
105	20	and	2.97109
105	21	a	1.85716
105	22	brass	9.31725
105	23	ornament	15.8393
105	24	.	0.622882
106	1	How	7.49028
106	2	the	4.26481
106	3	fire	8.42544
106	4	burned	10.4662
106	5	!	6.39097
106	6	The	9.87839
106	7	girl	8.12074
106	8	was	4.05767
106	9	pleased	9.47984
106	10	and	4.38827
106	11	the	5.05908
106	12	fire	8.34476
106	13	actually	8.23434
106	14	seemed	5.77548
106	15	so	4.67173
106	16	warm	8.50162
106	17	that	2.32612
106	18	the	1.83172
106	19	child	6.68997
106	20	stretched	11.3321
106	21	out	1.44153
106	22	her	5.05836
106	23	feet	7.17945
106	24	as	4.71798
106	25	if	4.59874
106	26	to	6.40805
106	27	warm	9.96519
106	28	them	7.2438
106	29	,	4.4553
106	30	when	5.14498
106	31	suddenly	10.501
106	32	the	2.57364
106	33	flame	13.1645
106	34	of	2.22807
106	35	the	1.27802
106	36	match	8.85869
106	37	went	4.55188
106	38	out	2.72039
106	39	.	2.03966
107	1	It	3.96236
107	2	was	2.39859
107	3	a	2.30781
107	4	short	7.40325
107	5	,	4.40251
107	6	stubby	14.4802
107	7	match	11.1883
107	8	that	3.03182
107	9	the	3.31016
107	10	little	7.59547
107	11	girl	4.53948
107	12	next	11.2144
107	13	rubbed	13.4878
107	14	on	4.64578
107	15	the	1.43895
107	16	wall	4.60364
107	17	.	0.925673
108	1	It	3.96236
108	2	burst	11.0745
108	3	into	3.08727
108	4	a	2.19135
108	5	flame	13.4021
108	6	,	2.69978
108	7	and	2.4983
108	8	UNK-LC	8.13495
108	9	and	4.00034
108	10	behold	8.87855
108	11	,	2.28711
108	12	the	1.99652
108	13	girl	7.20847
108	14	was	3.12691
108	15	transported	9.97868
108	16	from	4.26592
108	17	her	4.04486
108	18	UNK-LC	3.73533
108	19	city	7.7722
108	20	to	2.91846
108	21	a	2.59432
108	22	beautiful	6.69823
108	23	,	3.49329
108	24	sunny	8.24261
108	25	forest	8.93867
108	26	.	1.37642
109	1	She	6.0508
109	2	heard	7.693
109	3	the	2.39672
109	4	birds	9.37811
109	5	UNK-LC-ing	6.22027
109	6	and	4.18054
109	7	she	10.7278
109	8	was	3.04213
109	9	surrounded	6.94132
109	10	by	0.112845
109	11	UNK-LC-s	5.75226
109	12	and	2.30541
109	13	UNK-LC-s	3.33138
109	14	as	4.08098
109	15	white	6.36719
109	16	as	6.89867
109	17	snow	10.5776
109	18	.	1.19427
110	1	A	3.82173
110	2	little	7.62045
110	3	squirrel	12.7268
110	4	hid	12.6037
110	5	some	5.64113
110	6	food	7.25567
110	7	in	3.4518
110	8	the	1.12323
110	9	ground	7.0621
110	10	and	3.02214
110	11	scurried	15.6307
110	12	off	5.72531
110	13	into	4.75511
110	14	the	1.2286
110	15	UNK-LC	4.73493
110	16	.	1.56152
111	1	The	1.77834
111	2	girl	10.4345
111	3	was	3.38504
111	4	curious	10.8177
111	5	,	1.62219
111	6	so	5.4331
111	7	she	3.33083
111	8	dug	9.54488
111	9	some	6.4919
111	10	squirrel	11.9132
111	11	food	11.0712
111	12	up	7.02362
111	13	to	1.26942
111	14	see	12.6739
111	15	what	2.68585
111	16	it	2.96802
111	17	was	2.47576
111	18	,	5.22948
111	19	but	5.17868
111	20	then	4.58385
111	21	she	7.78913
111	22	forgot	10.0213
111	23	to	1.93505
111	24	put	4.79828
111	25	it	2.865
111	26	back	3.515
111	27	.	2.61204
112	1	The	1.77834
112	2	squirrel	15.8988
112	3	came	5.74211
112	4	back	4.94736
112	5	and	3.48827
112	6	looked	8.28279
112	7	in	4.98682
112	8	its	4.76127
112	9	hiding	10.4454
112	10	place	6.81688
112	11	,	1.84256
112	12	but	1.61236
112	13	the	1.87987
112	14	food	8.22875
112	15	was	4.44607
112	16	nowhere	7.68379
112	17	to	4.03667
112	18	be	3.46934
112	19	found	4.24954
112	20	.	1.76756
113	1	Then	6.47004
113	2	the	2.10185
113	3	match	9.23964
113	4	went	5.61774
113	5	out	3.23634
113	6	,	3.5176
113	7	and	2.30105
113	8	it	3.30728
113	9	was	1.80843
113	10	n't	2.14503
113	11	the	2.61648
113	12	forest	10.5135
113	13	that	3.25064
113	14	remained	9.6922
113	15	before	6.60074
113	16	her	5.41681
113	17	eyes	6.65634
113	18	.	0.789119
114	1	It	3.96236
114	2	was	2.39859
114	3	only	5.33683
114	4	the	2.20221
114	5	thick	11.6819
114	6	,	3.1506
114	7	damp	16.7152
114	8	,	2.15943
114	9	cold	7.15677
114	10	wall	7.77283
114	11	.	1.82821
115	1	The	1.77834
115	2	girl	10.4345
115	3	looked	7.51501
115	4	UNK-LC-ly	4.98062
115	5	into	3.92949
115	6	the	1.47086
115	7	sky	7.02723
115	8	that	4.8953
115	9	was	3.49724
115	10	now	5.5895
115	11	fully	9.60994
115	12	darkened	12.3906
115	13	and	3.56904
115	14	suddenly	8.27624
115	15	she	5.58819
115	16	saw	5.94687
115	17	a	2.05609
115	18	star	8.50456
115	19	fall	9.07574
115	20	,	3.62781
115	21	leaving	6.27541
115	22	behind	7.90616
115	23	it	3.37721
115	24	a	4.13955
115	25	bright	7.45137
115	26	streak	7.93006
115	27	of	0.972702
115	28	fire	9.10026
115	29	.	0.453222
116	1	UNK-CAPS	5.89449
116	2	is	4.22688
116	3	dying	11.8213
116	4	,	3.81874
116	5	'	7.40711
116	6	thought	9.15039
116	7	the	4.458
116	8	little	7.17818
116	9	girl	5.19511
116	10	.	1.42481
117	1	It	3.96236
117	2	was	2.39859
117	3	her	9.08754
117	4	old	6.69224
117	5	grandmother	8.97972
117	6	,	1.30438
117	7	the	2.8587
117	8	one	5.54812
117	9	who	1.90588
117	10	had	3.37515
117	11	loved	9.72764
117	12	her	3.55924
117	13	the	6.71018
117	14	most	3.76077
117	15	,	3.55029
117	16	and	1.80601
117	17	the	2.14181
117	18	one	5.36362
117	19	who	2.15805
117	20	the	6.61533
117	21	girl	6.97353
117	22	used	4.70948
117	23	to	0.459545
117	24	visit	6.27272
117	25	every	7.21194
117	26	Sunday	7.9501
117	27	,	3.92352
117	28	who	3.18336
117	29	had	3.50512
117	30	told	6.49453
117	31	her	4.54076
117	32	that	2.3972
117	33	when	5.19956
117	34	a	3.87908
117	35	star	6.98932
117	36	falls	7.29707
117	37	,	1.56579
117	38	a	3.98387
117	39	soul	11.1841
117	40	leaves	8.97558
117	41	this	6.12081
117	42	earth	10.371
117	43	.	2.39361
118	1	It	3.96236
118	2	was	2.39859
118	3	her	9.08754
118	4	last	5.03957
118	5	match	9.83231
118	6	that	4.0041
118	7	the	2.16896
118	8	little	7.5961
118	9	girl	4.34971
118	10	now	6.69468
118	11	rubbed	14.2504
118	12	on	5.70704
118	13	the	1.35889
118	14	wall	4.48166
118	15	and	2.91848
118	16	the	6.21715
118	17	light	8.80471
118	18	again	7.83213
118	19	shone	13.094
118	20	round	11.9831
118	21	her	6.84702
118	22	.	2.98706
119	1	Her	7.62989
119	2	old	5.75543
119	3	grandmother	9.04751
119	4	in	4.26408
119	5	the	1.5621
119	6	UNK-LC	5.25483
119	7	stood	7.75841
119	8	,	5.05531
119	9	loving	10.1712
119	10	in	4.96326
119	11	her	3.75848
119	12	appearance	8.55038
119	13	.	2.19049
120	1	The	1.77834
120	2	girl	10.4345
120	3	understood	10.5111
120	4	her	5.01852
120	5	grandmother	7.74688
120	6	would	5.68846
120	7	soon	5.77097
120	8	disappear	7.64437
120	9	,	2.22643
120	10	but	1.04826
120	11	she	2.80409
120	12	tried	5.96499
120	13	to	0.232347
120	14	play	4.81362
120	15	for	4.89964
120	16	time	7.85559
120	17	.	1.24191
121	1	UNK-CAPS-er	8.92028
121	2	,	3.24565
121	3	'	10.9542
121	4	cried	11.517
121	5	the	3.24146
121	6	little	6.54464
121	7	one	5.07166
121	8	,	2.23477
121	9	UNK-CAPS	9.66267
121	10	take	11.7194
121	11	me	5.31066
121	12	with	5.32768
121	13	you	6.45529
121	14	!	4.72318
121	15	I	9.20376
121	16	know	4.17721
121	17	you	3.56999
121	18	will	3.68566
121	19	go	4.05781
121	20	away	3.47474
121	21	when	5.8626
121	22	the	2.7596
121	23	match	8.623
121	24	burns	10.4594
121	25	out	3.13436
121	26	!	5.59529
121	27	'	2.79023
121	28	The	10.6597
121	29	girl	6.67999
121	30	decided	7.01579
121	31	to	0.706066
121	32	light	10.0637
121	33	the	1.86647
121	34	whole	5.25018
121	35	bundle	13.5556
121	36	of	2.07681
121	37	matches	12.7034
121	38	,	2.47265
121	39	in	5.05047
121	40	order	4.0537
121	41	to	0.301336
121	42	keep	3.91584
121	43	her	4.06389
121	44	grandmother	7.31603
121	45	there	6.9887
121	46	.	1.15834
122	1	The	1.77834
122	2	girl	10.4345
122	3	saw	6.95996
122	4	the	1.77851
122	5	matches	11.5028
122	6	UNK-LC-ed	6.86158
122	7	with	3.15182
122	8	a	1.8079
122	9	light	8.26131
122	10	that	4.25216
122	11	was	2.77193
122	12	brighter	10.8744
122	13	than	1.36434
122	14	the	1.74732
122	15	day	4.68934
122	16	,	3.61498
122	17	and	2.0244
122	18	her	7.76237
122	19	grandmother	7.28648
122	20	had	5.90799
122	21	never	4.3819
122	22	appeared	6.95149
122	23	so	5.27328
122	24	large	6.75267
122	25	or	6.33266
122	26	so	4.04059
122	27	beautiful	5.89993
122	28	as	4.10867
122	29	she	3.54735
122	30	did	3.35831
122	31	in	3.58352
122	32	the	1.46913
122	33	light	6.76458
122	34	of	1.82428
122	35	the	1.08737
122	36	little	7.50853
122	37	matches	8.2944
122	38	.	2.56278
123	1	The	1.77834
123	2	grandmother	14.9609
123	3	then	7.07729
123	4	took	5.16242
123	5	the	2.1691
123	6	little	6.52186
123	7	girl	5.7139
123	8	in	2.30557
123	9	her	4.54639
123	10	arms	9.66462
123	11	,	2.59358
123	12	and	1.83307
123	13	they	3.87967
123	14	both	7.78186
123	15	flew	8.50395
123	16	upwards	12.4021
123	17	in	3.84048
123	18	UNK-LC	7.40279
123	19	and	3.10438
123	20	joy	11.5525
123	21	far	10.2685
123	22	above	2.43665
123	23	the	0.745207
123	24	earth	6.19732
123	25	,	3.08223
123	26	where	3.67886
123	27	there	4.942
123	28	was	1.55994
123	29	neither	6.38954
123	30	cold	9.71023
123	31	nor	3.63414
123	32	hunger	8.07645
123	33	,	3.47956
123	34	and	3.69963
123	35	the	2.67821
123	36	little	5.98979
123	37	girl	5.13882
123	38	felt	11.2625
123	39	safe	8.28489
123	40	and	3.17189
123	41	peaceful	9.21337
123	42	.	0.701617
124	1	In	3.10521
124	2	the	1.89225
124	3	dawn	11.2061
124	4	of	0.137796
124	5	the	0.963252
124	6	morning	5.87522
124	7	there	6.46276
124	8	lay	10.3759
124	9	the	2.89366
124	10	poor	7.96823
124	11	little	6.67624
124	12	one	5.09233
124	13	,	3.32205
124	14	not	4.29053
124	15	frowning	11.7975
124	16	,	2.27467
124	17	but	4.30364
124	18	smiling	10.6
124	19	and	4.69778
124	20	with	7.2707
124	21	a	1.81541
124	22	pale	8.72769
124	23	face	6.62326
124	24	leaning	13.2214
124	25	against	3.47039
124	26	the	1.32261
124	27	wall	6.20585
124	28	,	3.47115
124	29	frozen	10.7958
124	30	and	3.74797
124	31	stone	11.6413
124	32	dead	11.0591
124	33	.	0.47017
125	1	UNK-CAPS	5.89449
125	2	tried	9.85921
125	3	to	0.251375
125	4	warm	10.9071
125	5	herself	9.01897
125	6	,	3.02648
125	7	'	8.30957
125	8	said	5.31466
125	9	some	6.34568
125	10	.	6.65159
126	1	Children	9.99649
126	2	who	3.64025
126	3	saw	6.2158
126	4	her	4.37839
126	5	were	5.61986
126	6	asking	7.67145
126	7	their	4.35816
126	8	parents	4.34041
126	9	why	7.14485
126	10	no	6.70798
126	11	one	1.48598
126	12	helped	8.79654
126	13	the	2.54972
126	14	girl	6.644
126	15	who	5.51205
126	16	they	7.0005
126	17	knew	5.38564
126	18	looked	9.03636
126	19	dirt	13.2547
126	20	poor	8.59623
126	21	and	4.73309
126	22	helpless	6.29295
126	23	.	4.78752
127	1	UNK-INITC-KNOWNLC-y	8.56394
127	2	who	12.1045
127	3	saw	6.31153
127	4	her	4.66471
127	5	sitting	10.1537
127	6	UNK-LC	5.52817
127	7	wished	11.7389
127	8	they	6.01742
127	9	could	3.34917
127	10	have	3.41245
127	11	helped	7.68462
127	12	the	2.33863
127	13	girl	7.40229
127	14	,	3.50586
127	15	but	6.30126
127	16	their	6.56981
127	17	good	7.30881
127	18	intentions	7.51126
127	19	were	7.14314
127	20	a	2.82451
127	21	day	6.58396
127	22	late	5.40953
127	23	and	2.94598
127	24	a	4.68156
127	25	dollar	7.36745
127	26	short	5.40764
127	27	.	0.950233
128	1	Other	6.05446
128	2	people	4.64582
128	3	suspected	7.26567
128	4	the	3.85538
128	5	girl	8.62151
128	6	had	3.76818
128	7	fallen	7.0249
128	8	asleep	8.96482
128	9	and	4.08933
128	10	frozen	9.84695
128	11	,	2.32282
128	12	but	2.06021
128	13	no	6.00637
128	14	one	0.845913
128	15	imagined	8.26077
128	16	what	3.91399
128	17	beautiful	11.1196
128	18	things	8.18689
128	19	she	4.01765
128	20	had	3.1021
128	21	seen	3.26633
128	22	,	3.26156
128	23	nor	8.09549
128	24	into	9.60088
128	25	what	5.81723
128	26	glory	13.4868
128	27	she	3.01035
128	28	had	3.24502
128	29	entered	8.29623
128	30	with	2.87498
128	31	her	4.63473
128	32	grandmother	6.27254
128	33	,	1.93697
128	34	on	6.85793
128	35	New	7.16708
128	36	Year	3.53591
128	37	's	0.439292
128	38	day	4.85979
128	39	.	1.14202
129	1	Once	7.42164
129	2	upon	9.54134
129	3	a	3.14825
129	4	time	5.51459
129	5	the	2.99955
129	6	birds	9.61546
129	7	took	5.29774
129	8	it	3.78354
129	9	into	3.88175
129	10	their	4.12977
129	11	heads	7.54537
129	12	that	6.02846
129	13	they	2.94335
129	14	would	4.01904
129	15	like	4.55327
129	16	a	3.5838
129	17	master	7.96464
129	18	,	2.72863
129	19	and	5.58503
129	20	that	4.65936
129	21	one	5.271
129	22	of	1.77268
129	23	their	2.91233
129	24	number	6.69127
129	25	must	6.72693
129	26	be	0.80292
129	27	chosen	6.54392
129	28	king	15.4482
129	29	.	1.51229
130	1	A	3.82173
130	2	meeting	7.53918
130	3	of	2.84261
130	4	all	6.93028
130	5	the	2.88306
130	6	birds	11.3319
130	7	was	2.45461
130	8	called	5.07057
130	9	and	6.80929
130	10	though	10.377
130	11	they	2.70939
130	12	understood	9.10983
130	13	the	1.58397
130	14	birds	8.34511
130	15	who	6.89863
130	16	were	2.00495
130	17	from	7.92599
130	18	the	1.36068
130	19	most	6.9984
130	20	distant	4.71353
130	21	lands	7.84893
130	22	would	4.20027
130	23	be	0.999649
130	24	unable	7.18127
130	25	to	0.0146107
130	26	come	5.34454
130	27	,	5.6917
130	28	many	8.87284
130	29	birds	9.50531
130	30	came	7.72493
130	31	from	2.0932
130	32	UNK-LC-y	7.47569
130	33	UNK-LC-s	4.83868
130	34	and	2.66454
130	35	woods	12.6837
130	36	.	0.763277
131	1	The	1.77834
131	2	eagle	10.5769
131	3	,	2.66054
131	4	who	1.95082
131	5	already	6.1053
131	6	thought	7.5902
131	7	himself	5.46034
131	8	the	4.0743
131	9	de	12.644
131	10	facto	4.19102
131	11	king	6.95434
131	12	,	1.68244
131	13	arrived	7.26639
131	14	UNK-LC-ly	7.21436
131	15	late	6.78302
131	16	.	2.37096
132	1	It	3.96236
132	2	was	2.39859
132	3	a	2.30781
132	4	hawk	9.9437
132	5	who	7.4094
132	6	was	3.46092
132	7	most	7.67591
132	8	excited	6.24151
132	9	about	0.375353
132	10	the	1.16407
132	11	meeting	7.33437
132	12	,	2.74384
132	13	because	4.13049
132	14	he	2.09306
132	15	was	2.50763
132	16	the	3.17016
132	17	dark	9.70572
132	18	horse	6.71917
132	19	for	3.91409
132	20	king	11.4885
132	21	.	1.01788
133	1	The	1.77834
133	2	small	8.36412
133	3	fry	11.5103
133	4	came	7.392
133	5	too	7.74827
133	6	,	5.58482
133	7	and	2.20726
133	8	the	1.96442
133	9	UNK-LC	5.93401
133	10	,	3.75394
133	11	the	3.08291
133	12	UNK-LC	4.44432
133	13	,	1.39601
133	14	the	4.38364
133	15	owl	14.9115
133	16	,	1.98508
133	17	the	2.98919
133	18	UNK-LC	3.9441
133	19	,	1.4001
133	20	and	2.16415
133	21	the	1.37059
133	22	sparrow	13.0929
133	23	,	2.70994
133	24	who	6.61435
133	25	had	4.23567
133	26	only	6.69441
133	27	a	1.78033
133	28	chance	4.39801
133	29	in	4.57644
133	30	a	2.7293
133	31	million	9.06461
133	32	to	3.64375
133	33	be	3.03759
133	34	king	10.2323
133	35	,	1.03596
133	36	were	4.77425
133	37	all	6.30825
133	38	present	10.0454
133	39	at	5.10644
133	40	the	1.17564
133	41	meeting	5.15094
133	42	.	0.392093
134	1	The	1.77834
134	2	cuckoo	12.2214
134	3	,	2.26835
134	4	who	3.20044
134	5	was	6.68027
134	6	almost	7.42044
134	7	not	8.18793
134	8	invited	6.63853
134	9	because	6.61884
134	10	his	3.57286
134	11	call	8.20306
134	12	so	8.68245
134	13	annoyed	14.3905
134	14	the	2.78057
134	15	other	5.53828
134	16	birds	8.32873
134	17	,	0.327311
134	18	came	6.17912
134	19	too	7.29659
134	20	.	6.03973
135	1	It	3.96236
135	2	was	2.39859
135	3	the	2.211
135	4	very	6.47539
135	5	little	5.26154
135	6	bird	8.95488
135	7	who	7.29318
135	8	had	3.53124
135	9	no	4.76781
135	10	name	6.55488
135	11	at	4.04863
135	12	all	3.045
135	13	,	2.75448
135	14	however	4.62631
135	15	,	1.24336
135	16	that	1.85161
135	17	would	5.43173
135	18	end	6.62799
135	19	up	1.45387
135	20	overturning	10.7031
135	21	the	1.15065
135	22	balance	7.20993
135	23	of	0.346872
135	24	power	5.91123
135	25	among	6.18067
135	26	the	1.33147
135	27	birds	10.1311
135	28	.	1.7823
136	1	That	4.72423
136	2	there	8.15253
136	3	would	4.6547
136	4	be	0.218956
136	5	great	6.56491
136	6	confusion	5.62511
136	7	and	4.31992
136	8	noise	8.29669
136	9	among	4.92566
136	10	the	1.67217
136	11	birds	9.50396
136	12	at	4.68103
136	13	the	1.2243
136	14	meeting	6.91385
136	15	was	2.79275
136	16	to	2.7858
136	17	be	1.84552
136	18	expected	5.35788
136	19	,	3.76802
136	20	given	5.91871
136	21	the	1.62136
136	22	sheer	7.99241
136	23	numbers	7.27312
136	24	of	0.365277
136	25	birds	8.79932
136	26	that	2.46842
136	27	have	2.72486
136	28	gathered	8.81726
136	29	.	4.08079
137	1	There	5.37943
137	2	was	2.72523
137	3	piping	16.9796
137	4	,	2.53931
137	5	hissing	15.427
137	6	,	1.52804
137	7	and	2.65596
137	8	UNK-LC-ing	6.17441
137	9	,	2.26321
137	10	but	5.27262
137	11	finally	9.33994
137	12	it	6.16579
137	13	was	4.16051
137	14	decided	7.64575
137	15	that	3.80563
137	16	the	1.4672
137	17	bird	9.56337
137	18	that	4.89978
137	19	could	4.8938
137	20	fly	6.17034
137	21	the	3.03819
137	22	highest	8.30121
137	23	should	7.47383
137	24	be	0.857691
137	25	king	10.9875
137	26	.	0.410005
138	1	The	1.77834
138	2	little	8.39684
138	3	bird	8.06534
138	4	lay	9.13866
138	5	low	9.31923
138	6	near	8.09133
138	7	the	1.09605
138	8	eagle	11.7107
138	9	at	5.16371
138	10	first	5.47095
138	11	,	2.29693
138	12	but	3.76623
138	13	the	2.02615
138	14	eagle	8.95525
138	15	did	4.8821
138	16	not	2.60036
138	17	notice	9.60326
138	18	the	1.85855
138	19	bird	9.63165
138	20	hopping	13.8525
138	21	onto	9.52655
138	22	his	3.05038
138	23	back	6.65114
138	24	right	8.47278
138	25	as	5.55841
138	26	the	2.22051
138	27	competition	9.46104
138	28	was	4.97383
138	29	about	7.39511
138	30	to	3.18791
138	31	commence	11.1978
138	32	.	0.616505
139	1	Into	12.5441
139	2	the	4.8016
139	3	air	7.56838
139	4	in	4.78812
139	5	a	2.93358
139	6	great	6.71433
139	7	flock	10.681
139	8	all	8.84595
139	9	the	1.31238
139	10	birds	8.35647
139	11	flew	9.41788
139	12	when	5.94816
139	13	the	1.77611
139	14	signal	11.6798
139	15	was	1.96048
139	16	given	5.25473
139	17	.	1.33925
140	1	The	1.77834
140	2	air	8.91767
140	3	was	4.03294
140	4	full	8.204
140	5	of	0.492497
140	6	dust	8.37836
140	7	,	1.64486
140	8	and	1.70037
140	9	it	3.00247
140	10	seemed	5.60005
140	11	as	4.69385
140	12	if	4.35201
140	13	a	2.89086
140	14	black	5.66732
140	15	cloud	7.78017
140	16	were	4.73916
140	17	floating	9.86102
140	18	over	4.9172
140	19	the	1.00052
140	20	field	8.38551
140	21	.	0.58972
141	1	You	6.72006
141	2	could	4.23095
141	3	hear	6.32963
141	4	the	1.86969
141	5	birds	9.99062
141	6	UNK-LC-ing	6.92212
141	7	and	3.88812
141	8	UNK-LC-ing	5.54318
141	9	from	5.01542
141	10	fields	10.5747
141	11	that	2.22908
141	12	were	3.24714
141	13	miles	11.3649
141	14	away	7.79579
141	15	.	2.29935
142	1	The	1.77834
142	2	little	8.39684
142	3	birds	10.3408
142	4	that	3.7115
142	5	soon	9.23073
142	6	grew	7.60796
142	7	tired	10.6141
142	8	fell	7.66446
142	9	back	5.14206
142	10	quickly	8.02972
142	11	to	3.06243
142	12	earth	9.54449
142	13	.	1.35043
143	1	The	1.77834
143	2	fact	6.79028
143	3	that	0.210546
143	4	the	1.23617
143	5	larger	8.60521
143	6	ones	6.28809
143	7	held	7.58151
143	8	out	5.15966
143	9	longer	10.9637
143	10	,	3.58377
143	11	and	4.4971
143	12	flew	13.9088
143	13	higher	4.96383
143	14	and	4.54036
143	15	higher	5.01132
143	16	,	2.53596
143	17	but	5.60135
143	18	the	2.79057
143	19	eagle	10.8141
143	20	flew	9.75769
143	21	highest	10.7364
143	22	of	6.55127
143	23	any	7.20865
143	24	,	4.98239
143	25	surprised	10.9781
143	26	no	7.77537
143	27	one	2.16228
143	28	.	0.686467
144	1	Could	9.76551
144	2	anyone	5.01159
144	3	stop	6.43927
144	4	the	2.42476
144	5	eagle	10.4237
144	6	that	6.7348
144	7	seemed	7.0467
144	8	to	0.907209
144	9	be	0.831573
144	10	flying	8.51461
144	11	straight	7.21512
144	12	into	4.70471
144	13	the	1.23752
144	14	sun	6.18515
144	15	?	0.52766
144	16	The	12.0012
144	17	other	6.3525
144	18	birds	8.37359
144	19	gave	7.3578
144	20	out	4.11342
144	21	one	5.01983
144	22	by	5.87103
144	23	one	4.44662
144	24	and	5.3374
144	25	when	9.24748
144	26	the	2.08595
144	27	eagle	9.41463
144	28	saw	6.73548
144	29	this	5.13505
144	30	he	7.97574
144	31	thought	6.29997
144	32	,	3.98757
144	33	UNK-CAPS	9.44062
144	34	is	6.05752
144	35	the	2.53059
144	36	use	10.052
144	37	of	0.17501
144	38	flying	8.97988
144	39	any	8.25082
144	40	higher	4.8319
144	41	?	2.15077
144	42	This	13.9146
144	43	victory	8.86383
144	44	is	1.40457
144	45	in	3.72196
144	46	the	1.39345
144	47	bag	8.58838
144	48	and	4.21149
144	49	I	3.74034
144	50	am	4.14874
144	51	king	10.8644
144	52	!	4.79616
144	53	'	4.80545
144	54	Then	12.2405
144	55	the	2.67307
144	56	birds	9.51077
144	57	below	9.59367
144	58	called	8.94524
144	59	with	5.65595
144	60	one	6.41883
144	61	accord	15.0134
144	62	,	3.04209
144	63	UNK-CAPS	7.68444
144	64	back	12.6292
144	65	,	2.56672
144	66	come	9.53514
144	67	back	4.85502
144	68	!	3.59344
144	69	It	13.2578
144	70	is	3.01836
144	71	you	8.26779
144	72	who	5.22853
144	73	must	6.34335
144	74	be	1.75055
144	75	our	6.69316
144	76	king	8.43736
144	77	because	6.27581
144	78	no	6.67141
144	79	one	1.23463
144	80	can	3.56205
144	81	fly	7.26594
144	82	as	5.44347
144	83	high	3.31895
144	84	as	0.191418
144	85	you	3.64217
144	86	.	9.0043
