sentence_id	token_id	token	surprisal
1	1	1	Buffeted	0
2	1	1	by	0.419878
3	1	2	swirling	12.639274
4	1	3	winds	7.806734
5	1	5	the	3.40921
6	1	6	little	7.325781
7	1	7	green	8.19434
8	1	8	biplane	12.168394
9	1	9	struggled	12.406977
10	1	10	northward	12.039753
11	1	11	between	6.867207
12	1	12	the	1.004967
13	1	13	mountains	6.778216
14	1	14	beyond	11.776615
15	1	15	Northfield	13.714102
16	1	16	Gulf	13.33591
17	2	1	Wires	0
18	2	1	UNK-LC-ed	8.949558
19	2	2	as	4.408941
20	2	3	a	1.4204
21	2	4	cold	8.651645
22	2	5	November	12.493688
23	2	6	blast	10.548883
24	2	7	rocked	12.796092
25	2	8	the	1.777752
26	2	9	silver	9.229349
27	2	10	wings	11.142838
28	2	12	but	2.918041
29	2	13	the	1.868638
30	2	14	engine	7.513008
31	2	15	roar	9.124002
32	2	16	was	2.395741
33	2	17	reassuring	11.074501
34	2	18	to	1.460894
35	2	19	the	1.228978
36	2	20	pilot	7.637709
37	2	21	bundled	14.408982
38	2	22	in	2.357042
39	2	23	the	1.287057
40	2	24	open	7.671165
41	2	25	cockpit	9.011273
42	3	1	He	0
43	3	1	peered	11.283022
44	3	2	ahead	5.969023
45	3	3	and	3.266885
46	3	4	grinned	12.34627
47	3	5	as	3.662331
48	3	6	the	1.936978
49	3	7	railroad	8.083617
50	3	8	tracks	9.331835
51	3	9	came	8.404848
52	3	10	into	3.574156
53	3	11	view	8.598847
54	3	12	again	7.647571
55	3	13	below	9.470857
56	4	1	Good	7.322003
57	4	2	old	9.891569
58	4	3	iron	12.184708
59	4	4	compass	15.469469
60	4	7	He	8.007785
61	4	8	thought	5.980409
62	5	1	A	0
63	5	1	plume	12.33788
64	5	2	of	0.205737
65	5	3	smoke	5.580197
66	5	4	rose	10.501922
67	5	5	from	3.155114
68	5	6	a	1.692868
69	5	7	Central	10.539247
70	5	8	Vermont	5.567523
71	5	9	locomotive	8.841771
72	5	10	which	7.854379
73	5	11	idled	9.659411
74	5	12	behind	7.402653
75	5	13	a	2.169557
76	5	14	string	6.417746
77	5	15	of	0.07655
78	5	16	gravel	11.416643
79	5	17	cars	6.652191
80	5	19	and	1.960013
81	5	20	little	7.426445
82	5	21	figures	9.90115
83	5	22	that	2.549305
84	5	23	were	2.794399
85	5	24	workmen	12.277327
86	5	25	labored	13.153236
87	5	26	to	1.974737
88	5	27	set	5.97576
89	5	28	the	1.98918
90	5	29	ruptured	12.034064
91	5	30	UNK-LC-ed	9.133483
92	5	31	to	6.136636
93	5	32	rights	11.695935
94	6	1	The	0
95	6	1	girders	14.980365
96	6	2	of	2.637041
97	6	3	a	2.632597
98	6	4	shattered	11.969827
99	6	5	Dog	11.940342
100	6	6	River	5.419046
101	6	7	bridge	9.410585
102	6	8	lay	12.698742
103	6	9	strewn	12.3317
104	6	10	for	4.142832
105	6	11	half	8.3332
106	6	12	a	2.617308
107	6	13	mile	4.775462
108	6	14	downstream	14.672375
109	7	1	Vermont	0
110	7	2	main	5.69167
111	7	3	railroad	7.021322
112	7	4	line	6.037611
113	7	5	was	5.666014
114	7	6	prostrate	14.508573
115	8	1	And	0
116	8	1	in	3.644902
117	8	2	the	1.328596
118	8	3	dark	6.886802
119	8	4	days	6.658291
120	8	5	after	4.956884
121	8	6	the	1.371889
122	8	7	Great	6.696594
123	8	8	Flood	15.940772
124	8	9	of	3.983562
125	8	10	1927	10.894371
126	8	12	the	1.973451
127	8	13	worst	6.260914
128	8	14	natural	8.84286
129	8	15	disaster	5.764965
130	8	16	in	2.663828
131	8	17	the	1.020697
132	8	18	state	4.646646
133	8	20	history	2.148028
134	8	22	the	2.651905
135	8	23	little	7.397235
136	8	24	plane	9.968154
137	8	25	was	3.414359
138	8	26	its	6.349833
139	8	27	sole	5.510654
140	8	28	replacement	8.658525
141	8	29	in	2.716622
142	8	30	carrying	9.123403
143	8	31	the	2.085742
144	8	32	United	6.654699
145	8	33	States	0.407295
146	8	34	mails	13.323771
147	9	1	Rain	0
148	9	1	of	4.092929
149	9	2	near	10.123746
150	9	3	UNK-LC	7.180051
151	9	4	proportions	10.343582
152	9	5	had	6.947132
153	9	6	fallen	5.20752
154	9	7	for	4.373987
155	9	8	three	4.723495
156	9	9	full	8.109056
157	9	10	days	1.818773
158	9	11	and	3.062403
159	9	12	it	4.967988
160	9	13	was	1.353997
161	9	14	still	4.638666
162	9	15	raining	10.448252
163	9	16	on	2.681045
164	9	17	the	1.017004
165	9	18	morning	6.362434
166	9	19	of	3.344478
167	9	20	Friday	7.014412
168	9	22	November	9.620261
169	9	23	4	5.172956
170	9	25	1927	10.023254
171	9	27	when	3.142184
172	9	28	officials	8.138752
173	9	29	of	2.939224
174	9	30	the	0.832921
175	9	31	Post	7.518616
176	9	32	Office	7.247643
177	9	33	Department	8.754876
178	9	35	Railway	11.97115
179	9	36	Mail	6.00328
180	9	37	Service	4.839684
181	9	38	realized	10.925765
182	9	39	that	1.311607
183	9	40	their	4.174344
184	9	41	distribution	8.328568
185	9	42	system	4.585346
186	9	43	for	4.913618
187	9	44	Vermont	10.496704
188	9	45	had	3.571265
189	9	46	been	1.297513
190	9	47	almost	6.76806
191	9	48	totally	4.958544
192	9	49	destroyed	7.020271
193	9	50	overnight	9.954482
194	10	1	Clerks	0
195	10	1	and	2.763362
196	10	2	UNK-LC-s	5.215087
197	10	3	shoveled	13.919671
198	10	4	muck	13.254768
199	10	5	out	3.86723
200	10	6	of	0.53504
201	10	7	their	2.738492
202	10	8	offices	6.674562
203	10	10	those	6.552539
204	10	11	who	1.625223
205	10	12	still	5.397028
206	10	13	had	4.516076
207	10	14	offices	8.872334
208	10	16	and	2.370194
209	10	17	wondered	9.285177
210	10	18	how	1.759935
211	10	19	to	1.669961
212	10	20	move	6.224007
213	10	21	the	2.582185
214	10	22	mail	7.616569
215	11	1	The	0
216	11	1	state	5.765006
217	11	3	railroad	8.559526
218	11	4	system	3.729715
219	11	5	counted	12.126187
220	11	6	miles	10.146928
221	11	7	of	2.35972
222	11	8	broken	8.847352
223	11	9	bridges	7.769553
224	11	10	and	2.250101
225	11	11	missing	8.780573
226	11	12	rights-of-way	14.766319
227	11	14	it	4.661566
228	11	15	would	3.42991
229	11	16	obviously	9.271385
230	11	17	remain	6.684916
231	11	18	out	4.479369
232	11	19	of	0.638187
233	11	20	commission	10.849401
234	11	21	for	4.249645
235	11	22	weeks	7.132473
236	12	1	And	0
237	12	1	once	7.355345
238	12	2	medicine	12.33948
239	12	4	food	7.613072
240	12	6	clothing	4.948664
241	12	7	and	0.692884
242	12	8	shelter	5.375044
243	12	9	had	5.523727
244	12	10	been	1.352477
245	12	11	provided	7.006551
246	12	12	for	2.254443
247	12	13	the	1.891324
248	12	14	flood	8.232693
249	12	16	victims	8.489274
250	12	18	communications	10.993407
251	12	19	and	1.093932
252	12	20	the	5.127487
253	12	21	mail	8.771619
254	12	22	were	5.861421
255	12	23	the	3.008732
256	12	24	next	7.568807
257	12	25	top	6.825259
258	12	26	problems	8.4055
259	13	1	From	0
260	13	1	Burlington	10.224555
261	13	3	outgoing	12.687276
262	13	4	mail	9.754367
263	13	5	could	8.216815
264	13	6	be	1.339201
265	13	7	ferried	11.872118
266	13	8	across	6.599548
267	13	9	Lake	7.99988
268	13	10	Champlain	6.951534
269	13	11	to	1.806181
270	13	12	the	1.11613
271	13	13	railroad	6.877217
272	13	14	at	4.766489
273	13	15	Port	8.28217
274	13	16	Kent	9.341763
275	13	18	N.Y	13.206377
276	14	1	But	0
277	14	1	what	5.702497
278	14	2	came	6.495099
279	14	3	in	2.241458
280	14	4	was	6.187189
281	14	5	piling	10.56359
282	14	6	up	0.691969
283	15	1	The	0
284	15	1	nearest	9.283408
285	15	2	UNK-LC-ed	8.780216
286	15	3	end	7.919368
287	15	4	of	0.842334
288	15	5	track	10.439866
289	15	6	from	5.071243
290	15	7	Boston	8.06064
291	15	8	was	7.267821
292	15	9	at	5.36352
293	15	10	Concord	12.534299
294	15	12	UNK-CAPS	7.290733
295	16	1	When	0
296	16	1	Governor	10.21577
297	16	2	Al	8.895271
298	16	3	Smith	5.107076
299	16	4	offered	6.00232
300	16	5	New	8.727365
301	16	6	York	0.457901
302	16	7	National	5.866623
303	16	8	Guard	4.033089
304	16	9	planes	7.36927
305	16	10	to	1.754536
306	16	11	fly	5.963302
307	16	12	the	2.507224
308	16	13	mail	9.025492
309	16	14	in	2.811726
310	16	15	and	7.982826
311	16	16	out	2.452283
312	16	17	of	0.443432
313	16	18	the	0.934202
314	16	19	state	4.550221
315	16	21	it	4.336924
316	16	22	seemed	5.959048
317	16	23	a	2.767239
318	16	24	likely	6.834204
319	16	25	temporary	8.703848
320	16	26	solution	5.316877
321	16	28	easing	9.885647
322	16	29	Burlington	12.512239
323	16	31	bottleneck	13.304268
324	16	32	and	2.702482
325	16	33	that	4.27995
326	16	34	at	6.223981
327	16	35	Montpelier	14.064526
328	16	36	too	9.334104
329	17	1	The	0
330	17	1	question	7.075838
331	17	2	was	4.756973
332	17	4	Where	8.69524
333	17	5	to	4.149567
334	17	6	land	9.150174
335	17	9	There	11.844629
336	17	10	was	2.660889
337	17	11	no	2.538168
338	17	12	such	5.647499
339	17	13	thing	3.252328
340	17	14	as	1.698176
341	17	15	an	3.614991
342	17	16	airport	7.442247
343	17	17	in	2.610399
344	17	18	Vermont	8.400541
345	18	1	Burlington	0
346	18	1	aviator	16.165936
347	18	2	John	8.341269
348	18	3	J	10.640187
349	19	1	Burns	0
350	19	1	suggested	14.832762
351	19	2	the	2.197245
352	19	3	parade	10.643401
353	19	4	ground	10.496783
354	19	5	southwest	13.413555
355	19	6	of	0.543201
356	19	7	Fort	5.554227
357	19	8	Ethan	16.835951
358	19	9	Allen	6.79608
359	19	11	and	3.031509
360	19	12	soon	8.41809
361	19	13	a	4.32519
362	19	14	dozen	4.812203
363	19	15	UNK-LC-DASH	5.519041
364	19	16	National	9.764432
365	19	17	Guard	3.541301
366	19	18	pilots	6.983465
367	19	19	were	3.07599
368	19	20	bringing	8.828029
369	19	21	their	2.867896
370	19	22	UNK-LC-DASH	5.23009
371	19	24	Jenny	13.284082
372	19	26	and	2.528072
373	19	27	UNK-CAPS	9.296939
374	19	28	two-seaters	13.650756
375	19	29	to	2.905267
376	19	30	rest	7.874807
377	19	31	on	4.777423
378	19	32	the	0.954404
379	19	33	frozen	10.10509
380	19	34	sod	12.403505
381	19	35	of	3.542444
382	19	36	the	1.230852
383	19	37	military	7.159725
384	19	38	base	7.380056
385	20	1	The	0
386	20	1	only	5.971459
387	20	2	available	8.045402
388	20	3	field	8.146601
389	20	4	that	3.993168
390	20	5	could	3.835791
391	20	6	be	1.342868
392	20	7	used	3.079824
393	20	8	near	9.507686
394	20	9	UNK-LC-DASH	6.868761
395	20	10	Montpelier	14.820843
396	20	11	was	8.018126
397	20	12	on	4.978781
398	20	13	the	0.958452
399	20	14	Towne	15.771328
400	20	15	farm	9.896454
401	20	16	off	8.016379
402	20	17	upper	11.455116
403	20	18	Main	11.678647
404	20	19	Street	0.052461
405	20	21	a	2.664271
406	20	22	narrow	8.210279
407	20	23	hillside	9.744438
408	20	24	where	4.303682
409	20	25	takeoffs	11.195305
410	20	26	and	0.43336
411	20	27	landings	1.331163
412	20	28	could	4.189418
413	20	29	be	1.13636
414	20	30	safely	6.988882
415	20	31	made	4.870338
416	20	32	only	6.378598
417	20	33	under	5.041347
418	20	34	light	8.920364
419	20	35	wind	11.57583
420	20	36	conditions	7.087696
421	21	1	Over	0
422	21	1	in	6.268617
423	21	2	Barre	15.048734
424	21	3	the	7.661253
425	21	4	streets	7.453293
426	21	5	had	6.396996
427	21	6	been	1.642254
428	21	7	deep	8.758588
429	21	8	in	1.801133
430	21	9	swirling	12.31409
431	21	10	water	4.144784
432	21	12	and	1.752321
433	21	13	bridges	11.912529
434	21	14	were	2.931378
435	21	15	crumpled	14.210559
436	21	16	and	3.0671
437	21	17	gone	5.627307
438	22	1	Anticipating	0
439	22	1	delivery	9.959212
440	22	2	of	1.227397
441	22	3	medicines	10.132168
442	22	4	and	1.896132
443	22	5	yeast	9.277082
444	22	6	by	4.782341
445	22	7	plane	9.40307
446	22	9	Granite	16.328615
447	22	10	City	3.532995
448	22	11	citizens	11.019326
449	22	12	formed	10.301505
450	22	13	an	4.559147
451	22	14	airfield	7.686242
452	22	15	committee	11.400251
453	22	16	and	3.157335
454	22	17	with	5.791051
455	22	18	the	1.627888
456	22	19	aid	9.319752
457	22	20	of	0.663991
458	22	21	UNK-LC	7.46396
459	22	22	and	2.135735
460	22	23	the	3.665514
461	22	24	UNK-LC-NUM	9.520548
462	22	25	Infantry	12.248792
463	22	27	Vermont	10.880567
464	22	28	National	4.440873
465	22	29	Guard	5.176574
466	22	31	laid	10.914114
467	22	32	out	2.319689
468	22	33	runways	11.041899
469	22	34	on	3.045174
470	22	35	Wilson	12.597219
471	22	36	flat	14.387039
472	22	38	high	7.301188
473	22	39	on	6.234812
474	22	40	Millstone	12.002137
475	22	41	Hill	9.601367
476	23	1	The	0
477	23	2	Barre	14.501349
478	23	3	Aviation	11.811988
479	23	4	Field	9.727238
480	23	6	was	4.031629
481	23	7	set	5.376283
482	23	8	to	1.968909
483	23	9	receive	7.098266
484	23	10	its	4.640956
485	23	11	first	3.359641
486	23	12	aircraft	8.196127
487	23	13	the	6.11344
488	23	14	Sunday	7.942536
489	23	15	following	7.560781
490	23	16	the	1.157211
491	23	17	flood	8.4135
492	24	1	Though	0
493	24	1	the	1.472575
494	24	2	makeshift	13.531016
495	24	3	airports	8.882173
496	24	4	were	2.644534
497	24	5	ready	6.011538
498	24	7	the	2.634236
499	24	8	York	11.366843
500	24	9	State	5.106694
501	24	10	Guard	5.943119
502	24	11	flyers	15.758008
503	24	12	proved	9.099764
504	24	13	unable	6.791016
505	24	14	to	0.020162
506	24	15	keep	4.319863
507	24	16	any	5.276579
508	24	17	kind	5.951174
509	24	18	of	0.057052
510	24	19	mail	7.387742
511	24	20	schedule	11.203912
512	25	1	They	0
513	25	1	had	3.815197
514	25	2	courage	13.786901
515	25	3	but	5.628215
516	25	4	their	4.96669
517	25	5	meager	10.105287
518	25	6	training	8.105245
519	25	7	consisted	9.203841
520	25	8	of	0.270483
521	25	9	weekend	11.259004
522	25	10	hops	13.770861
523	25	11	in	3.054465
524	25	12	good	7.559126
525	25	13	weather	4.927754
526	25	15	in	4.362244
527	25	16	and	8.320048
528	25	17	out	1.961369
529	25	18	of	0.357528
530	25	19	established	11.164812
531	25	20	airports	8.920374
532	25	22	and	1.972203
533	25	23	the	1.921145
534	25	24	increasingly	8.13328
535	25	25	cold	6.781347
536	25	26	weather	3.490416
537	25	27	soon	8.857127
538	25	28	raised	8.179132
539	25	29	UNK-LC	7.573703
540	25	30	with	6.049359
541	25	31	the	1.604183
542	25	32	water	6.164947
543	25	33	cooled	11.486343
544	25	34	engines	12.791149
545	25	35	of	4.611115
546	25	36	their	4.274828
547	25	37	World	9.803434
548	25	38	War	1.126952
549	25	39	I	7.161181
550	25	40	planes	13.786871
551	26	1	It	0
552	26	1	seemed	6.656421
553	26	2	like	3.886233
554	26	3	a	1.580745
555	26	4	good	3.841722
556	26	5	time	3.838257
557	26	6	for	2.219173
558	26	7	officials	8.804892
559	26	8	to	1.506314
560	26	9	use	5.144102
561	26	10	a	3.010877
562	26	11	UNK-LC-DASH	4.580814
563	26	12	law	5.904289
564	26	13	empowering	11.618024
565	26	14	the	1.510732
566	26	15	post	9.846768
567	26	16	office	10.174624
568	26	17	department	8.782516
569	26	18	to	0.589067
570	26	19	contract	8.957489
571	26	20	for	3.111302
572	26	21	the	1.665433
573	26	22	transport	9.518641
574	26	23	of	2.260613
575	26	24	first	7.980359
576	26	25	class	6.904534
577	26	26	mail	8.43037
578	26	27	by	5.179751
579	26	28	air	7.17246
580	27	1	They	0
581	27	1	had	3.815197
582	27	2	to	2.094162
583	27	3	act	6.275978
584	27	4	fast	8.539968
585	27	6	for	5.44825
586	27	7	letters	11.243914
587	27	8	were	7.804921
588	27	9	clogging	14.123565
589	27	10	the	1.412209
590	27	11	terminals	12.291595
591	28	1	Down	0
592	28	1	in	3.755167
593	28	2	Concord	9.303778
594	28	4	New	6.869227
595	28	5	Hampshire	3.330406
596	28	7	was	6.350437
597	28	8	a	2.445472
598	28	9	flier	13.436566
599	28	10	in	2.099018
600	28	11	the	1.267396
601	28	12	right	7.38267
602	28	13	place	3.842988
603	28	14	at	4.932461
604	28	15	the	1.001589
605	28	16	right	6.342875
606	28	17	time	1.562097
607	28	19	Robert	7.328448
608	28	20	S	12.28581
609	29	1	Fogg	0
610	29	2	a	2.65673
611	29	3	native	7.687634
612	29	4	New	5.37511
613	29	5	Englander	9.009354
614	29	7	had	6.183197
615	29	8	been	2.085384
616	29	9	a	2.626761
617	29	10	World	8.716025
618	29	11	War	0.893961
619	29	12	I	2.260512
620	29	13	flying	11.020481
621	29	14	instructor	13.763474
622	29	16	UNK-LC-er	9.176926
623	29	18	and	2.815653
624	29	19	one	4.995065
625	29	20	of	1.137724
626	29	21	the	0.737175
627	29	22	original	7.071558
628	29	23	planners	10.609577
629	29	24	of	2.868443
630	29	25	the	0.953242
631	29	26	Concord	10.152124
632	29	27	Airport	10.527447
633	30	1	UNK-CAPS-ion	0
634	30	1	was	5.70344
635	30	2	a	2.542167
636	30	3	complex	7.270215
637	30	4	and	3.927482
638	30	5	frightening	7.846546
639	30	6	man	5.285607
640	30	8	whose	5.53035
641	30	9	bright	8.590915
642	30	10	blue	6.278786
643	30	11	eyes	3.599315
644	30	12	stared	11.314461
645	30	13	with	3.23263
646	30	14	a	1.982889
647	30	15	kind	6.844603
648	30	16	of	0.038911
649	30	17	frozen	10.031984
650	30	18	UNK-LC	4.486822
651	30	19	into	7.076572
652	30	20	others	8.287493
653	31	1	He	0
654	31	1	had	3.587933
655	31	2	a	2.547654
656	31	3	round	8.280025
657	31	5	frank	13.816685
658	31	6	Irish	11.984862
659	31	7	face	11.978352
660	31	9	creased	14.314476
661	31	10	in	6.686448
662	31	11	a	2.760202
663	31	12	jovial	11.355713
664	31	13	grin	8.215925
665	31	14	that	3.430642
666	31	15	stayed	8.132524
667	31	16	UNK-LC-ly	7.479613
668	31	17	in	2.351122
669	31	18	place	4.487018
670	31	19	even	7.318834
671	31	20	when	2.77774
672	31	21	he	1.542209
673	31	22	was	1.748706
674	31	23	pumping	10.542224
675	31	24	bullets	9.950899
676	31	25	into	2.507365
677	31	26	someone	7.729622
678	31	28	body	6.158799
679	32	1	He	0
680	32	1	carried	8.153914
681	32	2	three	6.698721
682	32	3	guns	9.083714
683	32	5	one	4.418872
684	32	6	in	3.870698
685	32	7	the	1.252293
686	32	8	right	6.40816
687	32	9	trouser	14.352532
688	32	10	pocket	8.410771
689	32	12	one	4.750075
690	32	13	under	8.728378
691	32	14	his	3.599541
692	32	15	left	6.986183
693	32	16	armpit	12.561232
694	32	18	one	5.299224
695	32	19	in	4.025278
696	32	20	the	1.249357
697	32	21	left	7.390202
698	32	22	outside	7.815823
699	32	23	coat	11.08394
700	32	24	pocket	9.511333
701	32	26	and	2.078877
702	32	27	was	4.549212
703	32	28	equally	7.524446
704	32	29	lethal	8.019004
705	32	30	with	4.758583
706	32	31	both	6.371899
707	32	32	hands	8.624037
708	33	1	He	0
709	33	1	killed	8.551723
710	33	2	accurately	12.899496
711	33	4	freely	11.553769
712	33	6	and	2.267025
713	33	7	dispassionately	14.637794
714	34	1	The	0
715	34	1	police	7.872674
716	34	2	credited	10.06109
717	34	3	him	5.738796
718	34	4	with	2.193979
719	34	5	twenty-five	15.578326
720	34	6	murders	6.556775
721	34	7	but	6.027191
722	34	8	he	3.500677
723	34	9	was	2.260041
724	34	10	never	5.091985
725	34	11	brought	6.571317
726	34	12	to	1.409858
727	34	13	trial	3.941893
728	34	14	for	3.793832
729	34	15	one	4.765118
730	34	16	of	1.211684
731	34	17	them	3.314995
732	35	1	Like	0
733	35	1	a	3.590185
734	35	2	fair	8.256495
735	35	3	number	2.54301
736	35	4	of	0.044628
737	35	5	bootleggers	12.446565
738	35	6	he	6.491261
739	35	7	disliked	10.738333
740	35	8	alcohol	11.793226
741	36	1	He	0
742	36	1	was	2.705093
743	36	2	an	4.535444
744	36	3	expert	4.171105
745	36	4	florist	16.154417
746	36	6	tenderly	14.130643
747	36	7	UNK-LC	7.121857
748	36	8	in	3.788445
749	36	9	the	1.25933
750	36	10	arrangement	11.129731
751	36	11	of	2.886002
752	36	12	bouquets	13.161857
753	36	13	and	2.011624
754	36	14	wreaths	11.552352
755	37	1	He	0
756	37	1	had	3.587933
757	37	2	no	4.189915
758	37	3	apparent	8.214803
759	37	4	comprehension	12.007194
760	37	5	of	1.233699
761	37	6	morality	9.899879
762	37	8	he	1.82112
763	37	9	divided	11.790079
764	37	10	humanity	11.928617
765	37	11	into	3.934751
766	37	13	right	8.470443
767	37	14	guys	10.943692
768	37	16	and	2.052059
769	37	18	wrong	8.485403
770	37	19	guys	8.787742
771	37	22	and	2.498373
772	37	23	the	2.380229
773	37	24	wrong	7.379486
774	37	25	ones	6.774483
775	37	26	he	4.852147
776	37	27	was	2.504431
777	37	28	always	6.055058
778	37	29	willing	4.739955
779	37	30	to	0.085368
780	37	31	kill	7.004471
781	37	32	and	3.084148
782	37	33	trample	11.696165
783	37	34	under	8.431688
784	38	1	He	0
785	38	1	had	3.587933
786	38	2	what	7.960536
787	38	3	was	2.833972
788	38	4	described	5.064597
789	38	5	by	2.312826
790	38	6	a	2.621687
791	38	7	psychologist	8.142972
792	38	8	as	2.287951
793	38	9	a	1.491297
794	38	11	sunny	10.234309
795	38	12	brutality	13.391816
796	39	1	He	5.59656
797	39	2	walked	8.366104
798	39	3	with	5.100286
799	39	4	a	1.7336
800	39	5	heavy	7.439326
801	39	6	list	6.244215
802	39	7	to	3.993323
803	39	8	the	1.798751
804	39	9	right	5.148048
805	39	11	as	5.193539
806	39	12	that	6.029707
807	39	13	leg	9.947614
808	39	14	was	1.772308
809	39	15	four	8.855384
810	39	16	inches	4.731013
811	39	17	shorter	6.364469
812	39	18	than	1.886044
813	39	19	the	1.820157
814	39	20	other	5.043577
815	39	22	but	2.917976
816	39	23	the	2.432748
817	39	24	lurch	13.049193
818	39	25	did	5.011066
819	39	26	not	2.85195
820	39	27	reduce	7.832134
821	39	28	his	3.659752
822	39	29	feline	14.580323
823	39	30	quickness	11.389698
824	39	31	with	5.607183
825	39	32	his	3.506386
826	39	33	guns	7.202482
827	40	1	UNK-INITC	0
828	40	1	thought	10.125062
829	40	2	him	6.647959
830	40	4	just	5.093268
831	40	5	a	3.132537
832	40	6	superior	9.569483
833	40	7	sort	7.75054
834	40	8	of	0.155639
835	40	9	UNK-LC-ly	9.333699
836	40	11	but	5.193729
837	40	12	he	3.325858
838	40	13	was	2.427334
839	40	15	in	3.650422
840	40	16	fact	2.638006
841	40	18	with	4.767986
842	40	19	his	2.651465
843	40	20	aggression	11.634318
844	40	21	and	2.561539
845	40	22	hostility	9.508401
846	40	24	and	1.709388
847	40	25	UNK-LC	8.030154
848	40	26	indifference	10.893624
849	40	27	to	1.123636
850	40	28	risking	12.333103
851	40	29	or	6.891849
852	40	30	administering	10.725277
853	40	31	pain	9.367895
854	40	33	a	3.486753
855	40	34	casebook	14.070045
856	40	35	psychopath	13.750731
857	41	1	He	0
858	41	1	was	2.705093
859	41	2	also	5.141474
860	41	3	at	5.056428
861	41	4	this	5.01441
862	41	5	time	1.296346
863	41	7	although	5.294295
864	41	8	not	4.900914
865	41	9	so	3.777527
866	41	10	interwoven	13.711809
867	41	11	in	4.279956
868	41	12	high	8.803383
869	41	13	politics	6.373441
870	41	14	and	3.044199
871	41	15	the	2.708518
872	41	16	rackets	14.176031
873	41	17	as	5.699085
874	41	18	UNK-INITC	7.560496
875	41	19	and	2.691993
876	41	20	Capone	10.128534
877	41	22	the	2.238904
878	41	23	most	4.065558
879	41	24	powerful	2.832219
880	41	25	and	3.248277
881	41	26	most	3.936979
882	41	27	dangerous	5.911582
883	41	28	mob	10.404736
884	41	29	leader	6.486168
885	41	30	in	2.756701
886	41	31	the	0.807965
887	41	32	Chicago	7.816694
888	41	33	underworld	11.552802
889	41	35	the	2.551935
890	41	36	UNK-LC	6.555068
891	41	37	king	9.61662
892	42	1	On	0
893	42	1	April	5.787652
894	42	2	17	3.380232
895	42	4	1610	16.836462
896	42	6	the	2.640286
897	42	7	sturdy	12.04612
898	42	8	little	8.603054
899	42	9	UNK-LC-DASH	5.154598
900	42	10	bark	11.042503
901	42	12	Discovery	13.244643
902	42	14	weighed	12.513793
903	42	15	anchor	12.607422
904	42	16	in	2.030902
905	42	17	St	19.303057
906	43	1	Katherine	0
907	43	2	Pool	14.807816
908	43	4	London	8.952226
909	43	6	and	2.368069
910	43	7	floated	12.135938
911	43	8	down	4.99098
912	43	9	the	1.97056
913	43	10	Thames	9.964234
914	43	11	toward	8.872762
915	43	12	the	1.372109
916	43	13	sea	7.735029
917	44	1	She	0
918	44	1	carried	8.177423
919	44	3	besides	9.825698
920	44	4	her	4.082898
921	44	5	captain	10.119327
922	44	7	a	2.777459
923	44	8	crew	7.538631
924	44	9	of	1.218427
925	44	10	twenty-one	14.02766
926	44	11	and	3.453202
927	44	12	provisions	14.293611
928	44	13	for	3.45
929	44	14	a	2.051354
930	44	15	voyage	11.018036
931	44	16	of	4.15033
932	44	17	exploration	11.883978
933	44	18	of	3.382552
934	44	19	the	1.177069
935	44	20	Arctic	8.955027
936	44	21	waters	5.492864
937	44	22	of	3.506248
938	44	23	North	5.406199
939	44	24	America	1.704777
940	45	1	Seventeen	0
941	45	1	months	5.552215
942	45	2	later	3.315543
943	45	4	on	5.371685
944	45	5	September	7.997807
945	45	6	6	4.352666
946	45	8	1611	16.58433
947	45	10	an	4.134936
948	45	11	Irish	6.941971
949	45	12	fishing	7.649414
950	45	13	boat	5.056073
951	45	14	sighted	12.755203
952	45	15	the	1.435409
953	45	16	Discovery	9.425703
954	45	17	limping	16.441364
955	45	18	eastward	10.477539
956	45	19	outside	7.318965
957	45	20	Galway	15.602858
958	45	21	Bay	9.576613
959	46	1	When	0
960	46	1	she	5.176732
961	46	2	reached	7.115383
962	46	3	port	12.562049
963	46	5	she	3.604647
964	46	6	was	2.390867
965	46	7	found	4.816597
966	46	8	to	1.72867
967	46	9	have	2.049406
968	46	10	on	7.246307
969	46	11	board	7.21707
970	46	12	only	6.637102
971	46	13	eight	4.780242
972	46	14	men	6.899978
973	46	16	all	6.066237
974	46	17	near	9.130792
975	46	18	starvation	11.375772
976	47	1	The	0
977	47	1	captain	9.583768
978	47	2	was	4.443352
979	47	3	gone	6.690033
980	47	5	and	1.645956
981	47	6	the	2.218205
982	47	7	mate	15.567939
983	47	8	was	2.051687
984	47	9	gone	6.936656
985	48	1	The	0
986	48	1	man	6.90428
987	48	2	who	1.609866
988	48	3	now	5.328093
989	48	4	commanded	9.619336
990	48	5	her	4.602365
991	48	6	had	8.35257
992	48	7	started	6.558625
993	48	8	the	3.645464
994	48	9	voyage	10.182045
995	48	10	as	4.601547
996	48	11	an	3.127618
997	48	12	ordinary	6.809694
998	48	13	seaman	10.513398
999	49	1	What	0
1000	49	1	disaster	13.447538
1001	49	2	struck	9.332281
1002	49	3	the	2.759073
1003	49	4	Discovery	10.505568
1004	49	5	during	8.904182
1005	49	6	those	6.332301
1006	49	7	UNK-LC	7.373594
1007	49	8	months	6.651668
1008	49	10	What	11.933544
1009	49	11	happened	6.348917
1010	49	12	to	1.707916
1011	49	13	the	1.604727
1012	49	14	fourteen	16.123905
1013	49	15	missing	10.894555
1014	49	16	men	7.633176
1015	49	18	These	13.909217
1016	49	19	questions	7.342051
1017	49	20	have	3.217323
1018	49	21	remained	6.46153
1019	49	22	one	6.50329
1020	49	23	of	0.841592
1021	49	24	the	0.429608
1022	49	25	great	4.394913
1023	49	26	sea	9.584497
1024	49	27	mysteries	7.680578
1025	49	28	of	1.633787
1026	49	29	all	5.172433
1027	49	30	time	6.978762
1028	50	1	For	0
1029	50	1	hundreds	8.877242
1030	50	2	of	0.036898
1031	50	3	years	2.981446
1032	50	5	the	3.027198
1033	50	6	evidence	8.699744
1034	50	7	available	9.331889
1035	50	8	consisted	12.610246
1036	50	9	of	0.141368
1037	50	11	1	7.557261
1038	50	13	the	4.367179
1039	50	14	captain	9.591025
1040	50	16	fragmentary	13.762339
1041	50	17	journal	10.710082
1042	50	20	2	7.035833
1043	50	22	a	5.517503
1044	50	23	highly	8.373202
1045	50	24	prejudiced	11.760751
1046	50	25	account	7.250781
1047	50	26	by	4.881053
1048	50	27	one	4.671159
1049	50	28	of	1.4195
1050	50	29	the	0.487092
1051	50	30	survivors	6.805448
1052	50	33	3	7.397151
1053	50	35	a	5.116497
1054	50	36	note	8.248606
1055	50	37	found	8.117216
1056	50	38	in	1.808408
1057	50	39	a	2.07302
1058	50	40	dead	7.608565
1059	50	41	man	6.375963
1060	50	43	desk	6.03814
1061	50	44	on	4.421859
1062	50	45	board	8.071092
1063	50	47	and	1.843105
1064	50	49	4	6.805966
1065	50	51	several	8.628352
1066	50	52	second-hand	13.449986
1067	50	53	reports	10.356583
1068	51	1	All	0
1069	51	1	told	6.626303
1070	51	3	they	3.672776
1071	51	4	offered	7.797338
1072	51	5	a	2.150751
1073	51	6	highly	7.597311
1074	51	7	confused	7.226965
1075	51	8	picture	5.430711
1076	52	1	But	0
1077	52	1	since	6.989318
1078	52	2	1927	10.568911
1079	52	4	researchers	8.362214
1080	52	5	digging	12.421516
1081	52	6	into	3.172005
1082	52	7	ancient	9.616476
1083	52	8	court	7.799095
1084	52	9	records	6.7256
1085	52	10	and	2.567111
1086	52	11	legal	7.21175
1087	52	12	files	6.910422
1088	52	13	have	6.026039
1089	52	14	been	1.390963
1090	52	15	able	5.130867
1091	52	16	to	0.022522
1092	52	17	find	4.29295
1093	52	18	illuminating	13.493521
1094	52	19	pieces	8.2474
1095	52	20	of	0.882591
1096	52	21	information	4.694467
1097	53	1	Not	0
1098	53	1	enough	5.380472
1099	53	2	to	0.832477
1100	53	3	do	3.775262
1101	53	4	away	5.589124
1102	53	5	with	2.85469
1103	53	6	all	5.068267
1104	53	7	doubts	9.875216
1105	53	9	but	2.141458
1106	53	10	sufficient	12.210958
1107	53	11	to	1.921981
1108	53	12	give	4.771948
1109	53	13	a	2.690174
1110	53	14	fairly	8.056901
1111	53	15	accurate	5.398219
1112	53	16	picture	3.894164
1113	53	17	of	1.157578
1114	53	18	the	0.986648
1115	53	19	events	6.672354
1116	53	20	of	1.10306
1117	53	21	the	0.700997
1118	53	22	voyage	12.474
1119	54	1	Historians	0
1120	54	1	have	3.313919
1121	54	2	had	4.334786
1122	54	3	two	6.114481
1123	54	4	reasons	5.673576
1124	54	5	for	1.75954
1125	54	6	persisting	12.581276
1126	54	7	so	8.824274
1127	54	8	long	3.526451
1128	54	9	in	3.992677
1129	54	10	their	3.654722
1130	54	11	investigations	8.763021
1131	55	1	First	0
1132	55	2	they	5.343009
1133	55	3	wanted	6.676945
1134	55	4	to	0.560287
1135	55	5	clarify	8.388087
1136	55	6	a	3.031693
1137	55	7	tantalizing	11.884127
1138	55	9	bizarre	7.445809
1139	55	10	enigma	13.170886
1140	56	1	Second	0
1141	56	2	they	4.864237
1142	56	3	believed	7.650923
1143	56	4	it	3.466272
1144	56	5	important	12.043118
1145	56	6	to	1.485994
1146	56	7	determine	7.19283
1147	56	8	the	1.819938
1148	56	9	fate	5.169333
1149	56	10	of	0.044284
1150	56	11	the	0.892431
1151	56	12	captain	10.29731
1152	56	14	a	2.867018
1153	56	15	man	4.671541
1154	56	16	whose	3.331624
1155	56	17	name	4.829717
1156	56	18	is	1.425956
1157	56	19	permanently	10.004237
1158	56	20	stamped	9.798882
1159	56	21	on	3.577627
1160	56	22	our	6.750582
1161	56	23	maps	9.534821
1162	56	25	on	4.77992
1163	56	26	American	7.473666
1164	56	27	towns	9.348658
1165	56	28	and	2.22002
1166	56	29	counties	9.30776
1167	56	31	on	4.995243
1168	56	32	a	2.157361
1169	56	33	great	6.298031
1170	56	34	American	7.482138
1171	56	35	river	8.367155
1172	56	37	and	1.664871
1173	56	38	on	5.47603
1174	56	39	half	8.121285
1175	56	40	a	2.550957
1176	56	41	million	5.515995
1177	56	42	square	3.544918
1178	56	43	miles	3.733991
1179	56	44	of	1.655559
1180	56	45	Arctic	10.853571
1181	56	46	seas	9.738515
1182	57	1	The	0
1183	57	1	name	6.863205
1184	57	3	Henry	8.087128
1185	57	4	Hudson	7.776915
1186	58	1	This	0
1187	58	1	is	3.155865
1188	58	2	the	2.347378
1189	58	3	story	6.631312
1190	58	4	of	0.94626
1191	58	5	his	4.065086
1192	58	6	last	7.166588
1193	58	7	tragic	11.178761
1194	58	8	voyage	9.023829
1195	58	10	as	3.97149
1196	58	11	nearly	8.861655
1197	58	12	as	2.362549
1198	58	13	we	5.294477
1199	58	14	are	3.050836
1200	58	15	able	5.546103
1201	58	17	or	3.596925
1202	58	18	ever	7.785824
1203	58	20	probably	8.013932
1204	58	22	will	6.571209
1205	58	23	be	1.470249
1206	58	24	able	4.157158
1207	58	26	to	2.70983
1208	58	27	determine	7.031535
1209	58	29	The	2.822263
1210	58	30	sailing	12.149466
1211	58	31	in	5.633264
1212	58	32	the	1.249664
1213	58	33	spring	7.445837
1214	58	34	of	1.202735
1215	58	35	1610	14.550912
1216	58	36	was	4.786771
1217	58	37	Hudson	14.219579
1218	58	39	fourth	6.277704
1219	58	40	in	3.141793
1220	58	41	four	6.047238
1221	58	42	years	1.365166
1222	59	1	Each	0
1223	59	1	time	4.436132
1224	59	2	his	6.608023
1225	59	3	objective	7.805866
1226	59	4	had	5.374513
1227	59	5	been	0.953587
1228	59	6	the	3.703253
1229	59	7	same	3.505719
1230	59	9	a	2.860338
1231	59	10	direct	7.651032
1232	59	11	water	9.380933
1233	59	12	passage	13.006147
1234	59	13	from	4.268572
1235	59	14	Western	7.041064
1236	59	15	Europe	1.744026
1237	59	16	to	3.661595
1238	59	17	the	1.209953
1239	59	18	Far	6.238846
1240	59	19	East	0.043127
1241	60	1	In	0
1242	60	1	1607	15.189563
1243	60	2	and	4.297516
1244	60	3	UNK-NUM	6.762104
1245	60	5	the	2.524821
1246	60	6	English	8.454772
1247	60	7	Muscovy	14.752548
1248	60	8	Company	10.842698
1249	60	9	had	5.135044
1250	60	10	sent	5.637246
1251	60	11	him	4.082151
1252	60	12	northward	13.279449
1253	60	13	to	1.944808
1254	60	14	look	8.054062
1255	60	15	for	2.033915
1256	60	16	a	1.493788
1257	60	17	route	10.971694
1258	60	18	over	5.872863
1259	60	19	the	0.869851
1260	60	20	North	6.770315
1261	60	21	Pole	2.271769
1262	60	22	or	5.310407
1263	60	23	across	8.945621
1264	60	24	the	0.717809
1265	60	25	top	6.186498
1266	60	26	of	1.900615
1267	60	27	Russia	7.707856
1268	61	1	Twice	0
1269	61	1	he	6.834551
1270	61	2	had	3.073787
1271	61	3	failed	6.343981
1272	61	5	and	1.778855
1273	61	6	the	2.299142
1274	61	7	Muscovy	16.056318
1275	61	8	Company	11.235842
1276	61	9	indicated	9.425845
1277	61	10	it	2.321548
1278	61	11	would	2.193084
1279	61	12	not	4.483
1280	61	13	back	7.79823
1281	61	14	him	4.967512
1282	61	15	again	5.099565
1283	62	1	In	0
1284	62	1	UNK-NUM	8.668311
1285	62	3	the	2.921108
1286	62	4	Dutch	8.211039
1287	62	5	East	10.528306
1288	62	6	India	9.805695
1289	62	7	Company	9.521468
1290	62	8	hired	9.997826
1291	62	9	Hudson	13.860649
1292	62	11	gave	11.15945
1293	62	12	him	3.130702
1294	62	13	two	5.343003
1295	62	14	learned	11.834726
1296	62	15	geographers	15.233834
1297	62	17	fitted	14.13689
1298	62	18	him	6.660233
1299	62	19	out	3.054331
1300	62	20	with	3.279536
1301	62	21	a	1.74205
1302	62	22	ship	8.45002
1303	62	23	called	5.251155
1304	62	24	the	2.217182
1305	62	25	Half	13.594779
1306	62	26	Moon	13.804564
1307	62	28	and	2.30294
1308	62	29	supplied	9.625854
1309	62	30	him	4.234264
1310	62	31	with	2.847966
1311	62	32	Dutch	10.913828
1312	62	33	sailors	7.502508
1313	63	1	This	0
1314	63	1	time	4.299571
1315	63	2	he	4.598001
1316	63	3	turned	6.308217
1317	63	4	westward	12.780347
1318	63	6	to	4.276866
1319	63	7	the	2.090184
1320	63	8	middle	6.00668
1321	63	9	Atlantic	13.543088
1322	63	10	coast	8.120934
1323	63	11	of	1.927922
1324	63	12	North	4.794382
1325	63	13	America	0.887878
1326	64	1	His	0
1327	64	1	chief	6.317557
1328	64	2	discovery	12.042091
1329	64	3	was	4.927711
1330	64	4	important	7.599327
1331	64	6	the	2.682527
1332	64	7	Great	8.131738
1333	64	8	North	8.240456
1334	64	10	later	8.570615
1335	64	12	the	2.313668
1336	64	13	Hudson	9.909995
1337	64	15	River	8.519379
1338	64	17	but	4.427657
1339	64	18	it	2.709627
1340	64	19	produced	7.274937
1341	64	20	no	4.453871
1342	64	21	northwest	13.362914
1343	64	22	passage	9.86659
1344	65	1	When	0
1345	65	1	the	1.548629
1346	65	2	Half	14.949548
1347	65	3	Moon	16.073484
1348	65	4	put	7.527105
1349	65	5	in	3.217848
1350	65	6	at	6.113614
1351	65	7	Dartmouth	9.584968
1352	65	9	England	7.528845
1353	65	11	in	3.311674
1354	65	12	the	1.666962
1355	65	13	fall	5.804618
1356	65	14	of	0.711276
1357	65	15	UNK-NUM	6.668684
1358	65	17	word	11.483575
1359	65	18	of	1.535239
1360	65	19	Hudson	11.550318
1361	65	21	findings	10.002347
1362	65	22	leaked	10.815779
1363	65	23	out	4.473549
1364	65	25	and	2.256884
1365	65	26	English	9.23762
1366	65	27	interest	9.694289
1367	65	28	in	2.147794
1368	65	29	him	7.272017
1369	65	30	revived	10.893994
1370	66	1	The	0
1371	66	1	government	4.893097
1372	66	2	forbade	13.067242
1373	66	3	Hudson	13.229556
1374	66	4	to	3.09555
1375	66	5	return	6.349241
1376	66	6	to	0.976802
1377	66	7	Amsterdam	12.482894
1378	66	8	with	4.357011
1379	66	9	his	5.875612
1380	66	10	ship	9.937762
1381	67	1	He	0
1382	67	1	thereupon	12.210299
1383	67	2	went	6.323416
1384	67	3	to	1.604851
1385	67	4	London	5.963942
1386	67	5	and	2.858103
1387	67	6	spent	6.454172
1388	67	7	the	2.233127
1389	67	8	winter	7.502858
1390	67	9	talking	8.009129
1391	67	10	to	2.448995
1392	67	11	men	7.236648
1393	67	12	of	3.796747
1394	67	13	wealth	11.443287
1395	68	1	By	0
1396	68	1	springtime	14.361626
1397	68	3	he	5.131458
1398	68	4	was	2.893692
1399	68	5	supported	8.806596
1400	68	6	by	0.28476
1401	68	7	a	1.944348
1402	68	8	rich	7.29174
1403	68	9	merchant	8.756234
1404	68	10	syndicate	9.712071
1405	68	11	under	6.897342
1406	68	12	the	1.038128
1407	68	13	patronage	10.854511
1408	68	14	of	0.133009
1409	68	15	Henry	7.476559
1410	68	17	Prince	7.753879
1411	68	18	of	4.771092
1412	68	19	Wales	4.848619
1413	69	1	He	0
1414	69	1	had	3.587933
1415	69	2	obtained	7.666006
1416	69	3	and	4.406248
1417	69	4	UNK-LC-ed	7.479501
1418	69	5	a	2.594864
1419	69	6	veteran	8.795605
1420	69	7	ship	8.469076
1421	69	8	called	6.171884
1422	69	9	the	1.999213
1423	69	10	Discovery	10.870212
1424	69	11	and	5.543538
1425	69	12	had	5.351726
1426	69	13	recruited	9.537764
1427	69	14	a	2.734003
1428	69	15	crew	4.752707
1429	69	16	of	1.024063
1430	69	17	twenty-one	14.578183
1431	69	19	the	3.3715
1432	69	20	largest	5.396607
1433	69	21	he	5.8681
1434	69	22	had	2.56684
1435	69	23	ever	2.866918
1436	69	24	commanded	7.492975
1437	70	1	The	0
1438	70	1	purpose	8.672156
1439	70	2	of	0.129777
1440	70	3	this	4.250721
1441	70	4	fourth	9.591058
1442	70	5	voyage	11.775626
1443	70	6	was	5.085931
1444	70	7	clear	6.77683
1445	71	1	A	0
1446	71	1	century	7.988698
1447	71	2	of	2.495508
1448	71	3	exploration	10.601625
1449	71	4	had	7.337574
1450	71	5	established	6.991827
1451	71	6	that	5.130721
1452	71	7	a	3.54569
1453	71	8	great	5.858944
1454	71	9	land	8.84186
1455	71	10	mass	9.732989
1456	71	12	North	8.597921
1457	71	13	and	4.975024
1458	71	14	South	4.057011
1459	71	15	America	4.010396
1460	71	17	lay	11.016237
1461	71	18	between	5.950427
1462	71	19	Europe	7.521303
1463	71	20	and	0.142917
1464	71	21	the	1.820671
1465	71	22	Indies	14.482056
1466	72	1	One	0
1467	72	1	by	6.628902
1468	72	2	one	4.361243
1469	72	4	the	3.012973
1470	72	5	openings	12.247778
1471	72	6	in	3.654778
1472	72	7	the	1.003026
1473	72	8	coast	11.028807
1474	72	9	that	5.286908
1475	72	10	promised	8.864047
1476	72	11	a	2.719752
1477	72	12	passage	9.300534
1478	72	13	through	7.007664
1479	72	14	had	11.607608
1480	72	15	been	2.03073
1481	72	16	explored	8.428222
1482	72	17	and	3.615933
1483	72	18	discarded	8.896905
1484	73	1	In	0
1485	73	1	fact	4.256554
1486	73	3	Hudson	12.256751
1487	73	5	sail	14.653648
1488	73	6	up	5.528205
1489	73	7	the	3.083863
1490	73	8	Great	7.971771
1491	73	9	North	8.445455
1492	73	10	River	5.487736
1493	73	11	had	7.678686
1494	73	12	disposed	9.397984
1495	73	13	of	0.465395
1496	73	14	one	4.83744
1497	73	15	of	1.725443
1498	73	16	the	0.494777
1499	73	17	last	6.309299
1500	73	18	hopes	11.065514
1501	74	1	But	0
1502	74	1	there	4.71207
1503	74	2	remained	8.673529
1504	74	3	one	5.15321
1505	74	4	mysterious	10.404655
1506	74	6	unexplored	12.709923
1507	74	7	gap	8.400597
1508	74	9	far	7.655878
1509	74	10	to	5.12005
1510	74	11	the	2.342857
1511	74	12	north	7.542107
1512	75	1	Nearly	0
1513	75	1	twenty-five	16.710691
1514	75	2	years	2.89812
1515	75	3	before	3.469975
1516	75	5	Captain	13.719418
1517	75	6	John	5.686073
1518	75	7	Davis	7.434371
1519	75	8	had	4.899098
1520	75	9	noted	8.061893
1521	75	11	as	3.685612
1522	75	12	he	2.360826
1523	75	13	sailed	8.978195
1524	75	14	near	7.294166
1525	75	15	the	1.324447
1526	75	16	Arctic	10.855049
1527	75	17	Circle	7.49299
1528	75	20	a	3.441429
1529	75	21	very	4.181657
1530	75	22	great	4.530052
1531	75	23	gulf	10.237066
1532	75	25	the	4.450299
1533	75	26	water	6.801758
1534	75	27	whirling	13.839485
1535	75	28	and	2.314469
1536	75	29	roaring	11.827371
1537	75	31	as	5.1357
1538	75	32	it	2.702677
1539	75	33	were	5.648639
1540	75	34	the	3.223207
1541	75	35	meeting	10.433832
1542	75	36	of	2.158331
1543	75	37	tides	13.778988
1544	76	1	He	0
1545	76	1	named	7.311901
1546	76	2	this	5.764532
1547	76	3	opening	9.242871
1548	76	5	between	9.451617
1549	76	6	UNK-INITC	7.130075
1550	76	7	Island	8.246371
1551	76	8	and	0.351313
1552	76	9	Labrador	10.273058
1553	76	11	the	3.242469
1554	76	13	Furious	11.852808
1555	76	14	UNK-INITC	6.186019
1556	77	1	Later	10.000571
1557	77	3	it	4.893355
1558	77	4	was	2.307326
1559	77	5	to	4.578361
1560	77	6	be	1.266075
1561	77	7	called	4.181027
1562	77	8	Hudson	11.656432
1563	77	9	Strait	11.048405
1564	78	1	In	0
1565	78	1	UNK-NUM	8.668311
1566	78	3	George	9.197533
1567	78	4	UNK-INITC	3.804454
1568	78	6	in	5.456902
1569	78	7	the	1.342486
1570	78	8	same	5.482364
1571	78	9	little	8.328531
1572	78	10	Discovery	15.012587
1573	78	11	that	5.771726
1574	78	12	Hudson	13.63268
1575	78	13	now	5.834729
1576	78	14	commanded	9.199872
1577	78	16	had	4.197853
1578	78	17	sailed	10.41234
1579	78	18	300	9.607356
1580	78	19	miles	2.394202
1581	78	20	up	5.093418
1582	78	21	the	3.964794
1583	78	22	strait	11.553285
1584	78	23	before	5.041058
1585	78	24	his	2.969047
1586	78	25	frightened	11.801249
1587	78	26	men	6.124193
1588	78	27	turned	6.108339
1589	78	28	the	2.921613
1590	78	29	ship	7.061685
1591	78	30	back	3.452572
1592	79	1	Hudson	0
1593	79	1	now	7.098753
1594	79	2	proposed	7.169687
1595	79	3	to	1.209273
1596	79	4	sail	9.440392
1597	79	5	all	5.193896
1598	79	6	the	1.507321
1599	79	7	way	5.143616
1600	79	8	through	5.109491
1601	79	9	and	5.855697
1602	79	10	test	7.30032
1603	79	11	the	2.300787
1604	79	12	seas	10.933429
1605	79	13	beyond	8.141359
1606	79	14	for	7.316185
1607	79	15	the	1.4856
1608	79	16	long-sought	12.843822
1609	79	17	waterway	8.027429
1610	80	1	Even	0
1611	80	1	Hudson	10.708392
1612	80	3	experienced	11.862471
1613	80	4	in	2.752851
1614	80	5	Arctic	13.332543
1615	80	6	sailing	12.498156
1616	80	7	and	2.530782
1617	80	8	determined	10.409722
1618	80	9	as	5.009981
1619	80	10	he	4.768132
1620	80	11	was	2.131494
1621	80	13	must	10.689115
1622	80	14	have	2.994664
1623	80	15	had	4.085043
1624	80	16	qualms	9.927929
1625	80	17	as	6.062488
1626	80	18	he	2.628207
1627	80	19	slid	12.307851
1628	80	20	down	5.56035
1629	80	21	the	2.71996
1630	80	22	Thames	11.394079
1631	81	1	Ahead	0
1632	81	1	were	6.77705
1633	81	2	perilous	12.535086
1634	81	4	UNK-LC-DASH	6.693458
1635	81	5	waters	10.944564
1636	82	1	On	0
1637	82	1	previous	8.479777
1638	82	2	voyages	10.841121
1639	82	4	it	5.431793
1640	82	5	had	4.799181
1641	82	6	been	2.059613
1642	82	7	in	3.682511
1643	82	8	precisely	9.859464
1644	82	9	such	6.385921
1645	82	10	dangerous	8.411123
1646	82	11	situations	5.642248
1647	82	12	that	4.105134
1648	82	13	he	4.442886
1649	82	14	had	2.547145
1650	82	15	failed	5.434497
1651	82	16	as	4.012967
1652	82	17	a	1.244509
1653	82	18	leader	4.919008
1654	82	19	and	3.35275
1655	82	20	captain	10.225905
1656	83	1	They	0
1657	83	1	were	3.040795
1658	83	2	west	12.072024
1659	83	3	of	0.225522
1660	83	4	the	0.935207
1661	83	5	Sabine	13.76984
1662	83	7	but	4.17611
1663	83	8	only	4.788738
1664	83	9	God	10.374486
1665	83	10	knew	5.978903
1666	83	11	where	5.72676
1667	84	1	For	0
1668	84	1	three	5.843787
1669	84	2	days	3.254451
1670	84	4	their	7.206743
1671	84	5	stolid	13.987106
1672	84	6	oxen	12.915933
1673	84	7	had	5.021091
1674	84	8	plodded	15.150437
1675	84	9	up	3.080854
1676	84	10	a	3.598077
1677	84	11	blazing	11.197255
1678	84	12	valley	6.824282
1679	84	13	as	5.046638
1680	84	14	flat	10.95148
1681	84	15	and	2.785748
1682	84	16	featureless	9.778859
1683	84	17	as	4.351456
1684	84	18	a	1.699392
1685	84	19	dead	6.731654
1686	84	20	sea	6.236746
1687	85	1	Molten	0
1688	85	1	glare	12.963664
1689	85	2	singed	15.94065
1690	85	3	their	6.793835
1691	85	4	eyelids	9.889748
1692	85	5	an	10.437368
1693	85	6	angry	8.007756
1694	85	7	crimson	11.606821
1695	85	9	suffocating	11.434006
1696	85	10	air	8.668784
1697	85	11	sapped	13.007903
1698	85	12	their	4.304772
1699	85	13	strength	7.139537
1700	85	14	and	2.882032
1701	85	15	strained	8.95045
1702	85	16	their	4.207444
1703	85	17	nerves	6.341764
1704	85	18	to	4.48679
1705	85	19	snapping	11.650225
1706	85	21	dust	10.301329
1707	85	22	choked	9.860495
1708	85	23	their	6.0453
1709	85	24	throats	5.83164
1710	85	25	and	2.530305
1711	85	26	lay	6.98979
1712	85	27	like	8.561115
1713	85	28	acid	8.784076
1714	85	29	in	8.970344
1715	85	30	their	4.825149
1716	85	31	lungs	6.075119
1717	86	1	And	0
1718	86	1	the	2.331166
1719	86	2	valley	10.936467
1720	86	3	stretched	10.488261
1721	86	4	endlessly	11.511429
1722	86	5	out	3.758142
1723	86	6	ahead	7.904212
1724	86	8	scorched	13.514103
1725	86	9	and	3.210874
1726	86	10	baked	9.875712
1727	86	11	and	3.581394
1728	86	12	writhing	11.389296
1729	86	13	in	2.943619
1730	86	14	its	4.303363
1731	86	15	heat	7.762037
1732	86	17	until	7.369359
1733	86	18	it	2.580887
1734	86	19	vanished	9.392081
1735	86	20	into	5.144204
1736	86	21	the	1.149896
1737	86	22	throbbing	11.427458
1738	86	23	wall	5.129328
1739	86	24	of	1.995146
1740	86	25	fiery	10.910256
1741	86	26	orange	7.391314
1742	86	27	brown	12.097808
1743	86	28	haze	10.449384
1744	87	1	Ben	0
1745	87	1	Prime	14.87143
1746	87	2	extended	12.097017
1747	87	3	his	2.810796
1748	87	4	UNK-LC-DASH	5.45566
1749	87	5	stride	9.625741
1750	87	6	until	6.046333
1751	87	7	he	2.159831
1752	87	8	could	5.380735
1753	87	9	lay	7.323383
1754	87	10	his	2.996877
1755	87	11	goad	15.945954
1756	87	12	across	5.899761
1757	87	13	the	0.731623
1758	87	14	noses	12.579889
1759	87	15	of	0.6886
1760	87	16	the	1.204022
1761	87	17	oxen	12.40493
1762	88	1	UNK-INITC-DASH	7.687624
1763	88	4	He	8.839806
1764	88	5	commanded	10.201089
1765	88	6	from	5.726072
1766	88	7	his	3.161941
1767	88	8	raw	11.705696
1768	88	9	throat	9.282111
1769	88	11	and	2.309195
1770	88	12	felt	7.859289
1771	88	13	the	2.681072
1772	88	14	pain	6.609407
1773	88	15	of	1.797971
1774	88	16	movement	9.760739
1775	88	17	in	2.242838
1776	88	18	his	2.76597
1777	88	19	cracked	11.840393
1778	88	21	black	6.731868
1779	88	22	burned	12.963275
1780	88	23	lips	9.204021
1781	89	1	He	0
1782	89	1	removed	8.66264
1783	89	2	his	2.944359
1784	89	3	hat	8.425803
1785	89	4	to	3.872625
1786	89	5	let	7.387255
1787	89	6	the	1.698414
1788	89	7	trapped	14.078922
1789	89	8	sweat	9.131823
1790	89	9	cut	8.352635
1791	89	10	rivulets	16.441521
1792	89	11	through	6.531197
1793	89	12	the	1.198439
1794	89	13	dust	7.422935
1795	89	14	film	10.373953
1796	89	15	upon	9.71898
1797	89	16	his	2.990757
1798	89	17	gaunt	11.309851
1799	89	18	face	7.070244
1800	90	1	He	0
1801	90	1	spat	12.843143
1802	91	1	The	0
1803	91	1	UNK-LC-DASH	5.291656
1804	91	2	saliva	14.08334
1805	91	3	came	7.966996
1806	91	4	from	1.958101
1807	91	5	his	4.414557
1808	91	6	mouth	5.362971
1809	91	7	like	7.062888
1810	91	8	UNK-LC-ed	8.360418
1811	91	9	cotton	8.751704
1812	92	1	He	0
1813	92	1	moved	6.843651
1814	92	2	back	3.772199
1815	92	3	to	0.732159
1816	92	4	the	1.080588
1817	92	5	wheel	9.529213
1818	92	6	and	2.868335
1819	92	7	stood	8.089253
1820	92	8	there	5.415597
1821	92	9	blowing	13.03145
1822	92	11	grasping	12.073627
1823	92	12	the	1.789934
1824	92	13	top	6.246751
1825	92	14	of	1.655301
1826	92	15	a	2.626931
1827	92	16	spoke	14.229623
1828	92	17	to	3.173888
1829	92	18	still	9.928087
1830	92	19	the	2.85592
1831	92	20	trembling	12.464787
1832	92	21	of	4.604003
1833	92	22	his	2.601982
1834	92	23	played-out	15.355822
1835	92	24	limbs	9.916789
1836	93	1	The	0
1837	93	1	burning	10.246258
1838	93	2	air	8.229365
1839	93	3	dried	10.428342
1840	93	4	his	8.515182
1841	93	5	sweat-soaked	16.727388
1842	93	6	clothes	7.094716
1843	93	7	in	2.513582
1844	93	8	UNK-LC-DASH	6.155744
1845	93	9	patches	9.009289
1846	94	1	He	0
1847	94	1	cleared	9.490292
1848	94	2	his	3.353019
1849	94	3	throat	9.142247
1850	94	4	and	2.462075
1851	94	5	wet	10.869978
1852	94	6	his	7.12387
1853	94	7	lips	5.495145
1854	95	1	As	0
1855	95	1	cheerfully	14.782979
1856	95	2	as	1.104654
1857	95	3	possible	3.703091
1858	95	5	he	3.422286
1859	95	6	said	1.019043
1860	95	9	Well	8.367151
1861	95	11	I	2.934994
1862	95	12	guess	5.304356
1863	95	13	we	2.426229
1864	95	14	could	3.613528
1865	95	15	all	6.890072
1866	95	16	do	4.198107
1867	95	17	with	3.213145
1868	95	18	a	2.48811
1869	95	19	little	4.773667
1870	95	20	drink	10.576077
1871	96	1	He	0
1872	96	1	UNK-LC-ed	7.811949
1873	96	2	the	2.171499
1874	96	3	UNK-LC-er	8.478279
1875	96	4	and	3.060933
1876	96	5	drew	8.251296
1877	96	6	water	8.273682
1878	96	7	from	2.185575
1879	96	8	a	2.159412
1880	96	9	barrel	9.473748
1881	97	1	They	0
1882	97	1	could	3.775376
1883	97	2	no	6.230084
1884	97	3	longer	0.101205
1885	97	4	afford	3.787961
1886	97	5	the	2.469771
1887	97	6	luxury	8.422482
1888	97	7	of	4.058001
1889	97	8	the	1.541548
1890	97	9	canvas	10.91464
1891	97	10	sweat	13.562615
1892	97	11	bag	9.625901
1893	97	12	that	3.857035
1894	97	13	cooled	11.660119
1895	97	14	it	5.255949
1896	97	15	by	3.97933
1897	97	16	evaporation	13.646346
1898	98	1	The	0
1899	98	1	water	8.251399
1900	98	2	was	4.504599
1901	98	3	warm	10.140081
1902	98	4	and	2.371442
1903	98	5	stale	8.123613
1904	98	6	and	3.247476
1905	98	7	had	5.658884
1906	98	8	a	2.23373
1907	98	9	brackish	13.996687
1908	98	10	taste	7.850839
1909	99	1	But	0
1910	99	1	it	3.207138
1911	99	2	was	2.528776
1912	99	3	water	12.064527
1913	100	1	Thank	0
1914	100	1	the	2.202826
1915	100	2	Lord	10.207645
1916	100	4	they	6.683378
1917	100	5	still	6.123402
1918	100	6	had	4.433723
1919	100	7	water	10.793481
1920	100	9	He	12.340927
1921	100	10	cleansed	14.989261
1922	100	11	his	5.517528
1923	100	12	mouth	8.024659
1924	100	13	with	4.52797
1925	100	14	a	1.609453
1926	100	15	small	4.889802
1927	100	16	quantity	6.515349
1928	101	1	He	0
1929	101	1	took	5.252207
1930	101	2	a	1.922898
1931	101	3	long	4.304178
1932	101	4	but	8.435678
1933	101	5	carefully	7.753524
1934	101	6	controlled	7.820795
1935	101	7	UNK-LC	6.083301
1936	102	1	He	0
1937	102	1	replenished	13.271695
1938	102	2	the	1.025746
1939	102	3	UNK-LC-er	9.041549
1940	102	4	and	3.036242
1941	102	5	handed	8.411712
1942	102	6	it	3.473683
1943	102	7	to	2.992318
1944	102	8	his	3.006598
1945	102	9	young	6.76692
1946	102	10	wife	3.663614
1947	102	11	riding	10.910735
1948	102	12	the	1.941627
1949	102	13	hurricane	10.667634
1950	102	14	deck	11.009753
1951	103	1	She	0
1952	103	1	took	5.35084
1953	103	2	it	4.358461
1954	103	3	grudgingly	12.051348
1955	103	5	her	6.952192
1956	103	6	dark	8.736959
1957	103	7	eyes	4.190288
1958	103	8	baleful	16.374828
1959	103	9	as	4.111928
1960	103	10	they	3.914206
1961	103	11	met	7.248393
1962	103	12	his	4.023366
1963	104	1	She	0
1964	104	1	drank	9.806651
1965	104	2	and	3.766606
1966	104	3	pushed	7.386969
1967	104	4	back	4.375783
1968	104	5	her	4.178803
1969	104	6	gingham	12.19867
1970	104	7	bonnet	10.805606
1971	104	8	to	2.467596
1972	104	9	wet	10.805305
1973	104	10	a	5.093268
1974	104	11	kerchief	13.795751
1975	104	12	and	2.251279
1976	104	13	wipe	9.46099
1977	104	14	her	3.740988
1978	104	15	face	6.548191
1979	105	1	She	0
1980	105	1	set	6.901237
1981	105	2	the	2.471243
1982	105	3	UNK-LC-er	9.064239
1983	105	4	on	4.346896
1984	105	5	the	1.165349
1985	105	6	edge	6.07817
1986	105	7	of	0.516609
1987	105	8	the	0.900845
1988	105	9	deck	8.398325
1989	105	11	leaving	5.78069
1990	105	12	it	3.107102
1991	105	13	for	3.649915
1992	105	14	him	4.980941
1993	105	15	to	2.85046
1994	105	16	stretch	7.900493
1995	105	17	after	7.461257
1996	105	18	it	3.940453
1997	105	19	while	10.661726
1998	105	20	she	3.755325
1999	105	21	looked	6.095814
2000	105	22	on	3.619658
2001	105	23	scornfully	14.348591
2002	106	1	What	5.652798
2003	106	2	happens	5.150226
2004	106	3	when	4.545908
2005	106	4	there	3.973174
2006	106	6	no	2.151777
2007	106	7	more	4.651093
2008	106	8	water	8.269489
2009	106	11	She	12.103463
2010	106	12	asked	3.166173
2011	106	13	UNK-LC-ly	10.843636
2012	107	1	She	0
2013	107	1	was	2.718657
2014	107	2	like	6.914896
2015	107	3	charcoal	13.737198
2016	107	5	he	3.628031
2017	107	6	thought	5.755898
2018	107	8	dark	10.056283
2019	107	10	opaque	10.951653
2020	107	12	explosive	8.699892
2021	108	1	Her	0
2022	108	1	thick	10.414126
2023	108	2	hair	5.141013
2024	108	3	was	4.755415
2025	108	4	the	2.90098
2026	108	5	color	8.468
2027	108	6	and	3.505522
2028	108	7	texture	7.33642
2029	108	8	of	0.349054
2030	108	9	charcoal	10.732132
2031	109	1	Her	0
2032	109	1	temper	9.53902
2033	109	2	sparked	10.932194
2034	109	3	like	10.153334
2035	109	4	charcoal	13.540017
2036	109	5	when	6.917352
2037	109	6	it	2.631533
2038	109	7	first	6.810059
2039	109	8	lights	8.810854
2040	109	9	up	2.784036
2041	110	1	And	0
2042	110	1	all	5.78961
2043	110	2	the	1.921512
2044	110	3	time	5.496505
2045	110	5	she	5.589538
2046	110	6	had	5.066398
2047	110	7	the	3.508175
2048	110	8	heat	8.22733
2049	110	9	of	1.808483
2050	110	10	hatred	12.164591
2051	110	11	in	3.034199
2052	110	12	her	4.509526
2053	110	14	like	5.510417
2054	110	15	charcoal	12.299593
2055	110	16	that	5.426352
2056	110	17	is	3.21252
2057	110	18	burning	8.41343
2058	110	19	on	4.145494
2059	110	20	its	4.844929
2060	110	21	under	12.685948
2061	110	22	side	8.187685
2062	110	24	but	3.262469
2063	110	25	not	3.34693
2064	110	26	visibly	10.053432
2065	111	1	A	0
2066	111	1	ripple	10.657097
2067	111	2	ran	13.000031
2068	111	3	through	3.890881
2069	111	4	the	1.139114
2070	111	5	muscles	11.769394
2071	111	6	of	1.934769
2072	111	7	his	4.582641
2073	111	8	jaws	9.701511
2074	111	10	but	2.73527
2075	111	11	he	2.26335
2076	111	12	kept	6.262445
2077	111	13	control	7.753484
2078	111	14	upon	7.319358
2079	111	15	his	2.80627
2080	111	16	voice	6.918972
2081	112	1	There	5.531751
2082	112	2	must	6.117225
2083	112	3	be	0.142057
2084	112	4	some	3.070686
2085	112	5	water	8.749066
2086	112	6	under	6.38087
2087	112	7	there	8.589627
2088	113	1	He	5.59656
2089	113	2	tilted	12.692984
2090	113	3	his	5.660584
2091	113	4	homely	13.898632
2092	113	5	face	6.123498
2093	113	6	toward	5.895142
2094	113	7	the	1.646112
2095	113	8	dry	9.922309
2096	113	9	bed	7.620644
2097	113	10	of	1.731759
2098	113	11	the	0.842668
2099	113	12	river	6.322357
2100	114	1	We	4.48836
2101	114	2	can	3.140314
2102	114	3	get	3.511116
2103	114	4	it	3.344122
2104	114	5	if	5.884952
2105	114	6	we	1.830477
2106	114	7	dig	9.623905
2107	114	10	he	1.544679
2108	114	11	said	1.36971
2109	114	12	patiently	16.309591
2110	115	1	And	6.566113
2111	115	2	add	11.69167
2112	115	3	fever	12.485923
2113	115	4	to	1.868979
2114	115	5	our	3.757753
2115	115	6	troubles	9.530729
2116	115	9	She	12.365086
2117	115	10	scoffed	11.297809
2118	116	1	Or	10.448958
2119	116	2	do	5.320519
2120	116	3	you	3.839004
2121	116	4	want	3.137361
2122	116	5	to	0.431039
2123	116	6	see	3.075003
2124	116	7	if	3.834914
2125	116	8	I	3.385236
2126	116	9	can	2.154334
2127	116	10	stand	6.164747
2128	116	11	fever	14.804862
2129	116	13	too	5.79519
2130	116	17	We	3.901711
2131	116	18	can	3.359364
2132	116	19	boil	10.827068
2133	116	20	it	3.863894
2134	116	23	he	1.444703
2135	116	24	said	1.273889
2136	117	1	Her	0
2137	117	1	chin	8.840987
2138	117	2	sharpened	12.967654
2139	118	1	We	4.48836
2140	118	3	lost	8.35172
2141	118	4	and	3.53628
2142	118	5	burning	9.651601
2143	118	6	up	3.546324
2144	118	7	already	10.545654
2145	118	10	she	3.801487
2146	118	11	bit	17.110703
2147	118	12	out	5.000319
2148	118	13	UNK-LC-ly	9.788653
2149	119	1	The	2.384338
2150	119	2	tires	12.708605
2151	119	3	are	3.73485
2152	119	4	rattling	11.397439
2153	119	5	on	4.523372
2154	119	6	the	1.262429
2155	119	7	wheels	6.367099
2156	119	8	now	7.409185
2157	120	1	They	0
2158	120	2	roll	7.821808
2159	120	3	off	2.997319
2160	120	4	in	4.183885
2161	120	5	another	5.638202
2162	120	6	day	5.155215
2163	121	1	There	0
2164	121	1	was	2.426506
2165	121	2	no	2.27532
2166	121	3	valley	13.688491
2167	121	4	like	6.25399
2168	121	5	this	4.665596
2169	121	6	on	5.882127
2170	121	7	your	4.765915
2171	121	8	map	7.520635
2172	122	1	You	0
2173	122	1	do	3.187896
2174	122	3	even	5.211943
2175	122	4	know	2.584941
2176	122	5	where	4.065609
2177	122	6	we	3.135285
2178	122	8	headed	7.159973
2179	123	1	UNK-INITC	5.769602
2180	123	4	he	4.306316
2181	123	5	said	1.71955
2182	123	6	as	6.954175
2183	123	7	gently	12.149467
2184	123	8	as	0.688798
2185	123	9	he	2.73992
2186	123	10	could	4.114765
2187	123	13	we	4.586367
2188	123	15	still	4.071693
2189	123	16	headed	8.51064
2190	123	17	west	10.091331
2191	124	1	Somewhere	0
2192	124	2	we	5.864891
2193	124	4	hit	7.069335
2194	124	5	a	2.104513
2195	124	6	trail	8.060725
2196	125	1	Somewhere	10.338048
2197	125	4	She	10.895222
2198	125	5	repeated	9.123834
2199	126	1	Maybe	8.946423
2200	126	2	in	4.788191
2201	126	3	time	6.893064
2202	126	4	to	2.672592
2203	126	5	make	3.305796
2204	126	6	a	2.035768
2205	126	7	cross	9.597405
2206	126	8	and	3.97053
2207	126	9	dig	8.449616
2208	126	10	our	5.80283
2209	126	11	graves	9.985733
2210	127	1	His	0
2211	127	1	wide	9.378225
2212	127	2	mouth	9.388744
2213	127	3	compressed	14.351021
2214	128	1	In	0
2215	128	1	a	2.336884
2216	128	2	way	4.51853
2217	128	4	he	3.02897
2218	128	5	could	5.624972
2219	128	7	blame	6.517043
2220	128	8	her	5.351672
2221	129	1	He	0
2222	129	1	had	3.587933
2223	129	2	picked	7.03842
2224	129	3	out	4.682703
2225	129	4	this	5.194107
2226	129	5	UNK-LC	6.889492
2227	129	6	trail	10.832995
2228	129	8	instead	6.668747
2229	129	9	of	0.321898
2230	129	10	the	2.187264
2231	129	11	common	8.13395
2232	129	12	one	7.729418
2233	129	14	in	4.109704
2234	129	15	a	2.080383
2235	129	16	moment	6.987659
2236	129	17	of	1.7626
2237	129	18	romantic	8.17584
2238	129	19	fancy	10.472498
2239	129	21	to	4.993052
2240	129	22	give	5.386289
2241	129	23	them	2.370487
2242	129	24	privacy	11.903569
2243	129	25	on	4.581026
2244	129	26	their	3.679721
2245	129	27	honeymoon	10.297243
2246	130	1	It	0
2247	130	1	had	4.053506
2248	130	2	been	2.083278
2249	130	3	a	2.960992
2250	130	4	mistake	5.461148
2251	130	6	but	2.008926
2252	130	7	anything	8.969068
2253	130	8	would	4.249572
2254	130	9	have	2.448487
2255	130	10	been	1.240593
2256	130	11	a	2.972546
2257	130	12	mistake	4.621592
2258	130	14	as	3.730446
2259	130	15	it	2.584359
2260	130	16	turned	4.923071
2261	130	17	out	1.575253
2262	131	1	It	0
2263	131	1	was	2.38795
2264	131	3	the	2.681794
2265	131	4	roughness	15.413524
2266	131	5	and	4.005537
2267	131	6	UNK-LC-ity	10.105652
2268	131	7	and	4.44032
2269	131	8	discomfort	9.822576
2270	131	9	of	2.418241
2271	131	10	the	0.848068
2272	131	11	trip	8.893143
2273	131	12	that	4.292871
2274	131	13	had	4.094995
2275	131	14	frightened	9.896317
2276	131	15	her	4.816758
2277	132	1	She	0
2278	132	1	had	3.522601
2279	132	2	hated	11.617824
2280	132	3	the	1.895999
2281	132	4	whole	6.52284
2282	132	5	idea	4.95892
2283	132	6	before	6.415061
2284	132	7	they	4.326344
2285	132	8	started	4.892059
2286	133	1	In	0
2287	133	1	Ireland	9.650182
2288	133	3	County	9.494436
2289	133	4	Limerick	14.812847
2290	133	6	near	5.706615
2291	133	7	the	1.793017
2292	133	8	River	7.597459
2293	133	9	Shannon	13.704558
2294	133	11	there	6.948469
2295	133	12	is	1.669035
2296	133	13	a	1.385625
2297	133	14	quiet	8.750248
2298	133	15	little	6.413002
2299	133	16	suburb	12.06954
2300	133	17	by	5.561862
2301	133	18	the	1.519443
2302	133	19	name	7.040283
2303	133	20	of	0.391964
2304	133	21	UNK-INITC	5.702598
2305	133	23	which	3.021399
2306	133	24	means	6.367875
2307	133	26	Garden	10.990275
2308	133	27	of	3.032223
2309	133	28	Owen	13.55656
2310	134	1	Undoubtedly	12.247498
2311	134	2	none	11.69123
2312	134	3	of	1.162839
2313	134	4	the	0.966738
2314	134	5	residents	8.899713
2315	134	6	realize	10.498275
2316	134	7	the	2.484
2317	134	8	influence	8.095295
2318	134	9	their	9.154509
2319	134	10	town	10.320004
2320	134	11	has	2.103411
2321	134	12	had	4.075229
2322	134	13	on	4.913583
2323	134	14	American	7.137585
2324	134	15	military	5.876918
2325	134	16	history	5.769629
2326	134	18	or	4.680209
2327	134	19	the	2.544787
2328	134	20	deeds	10.821179
2329	134	21	of	0.218748
2330	134	22	valor	12.888834
2331	134	23	that	4.017311
2332	134	24	have	4.066107
2333	134	25	been	1.319389
2334	134	26	done	4.682227
2335	134	27	in	2.065487
2336	134	28	its	5.095807
2337	134	29	name	6.287368
2338	135	1	The	0
2339	135	1	cry	11.120424
2340	135	3	UNK-INITC	6.669999
2341	135	6	Bursting	15.900655
2342	135	7	from	5.831678
2343	135	8	the	1.197649
2344	135	9	lips	9.568396
2345	135	10	of	0.406698
2346	135	11	a	2.598119
2347	135	12	charging	12.23957
2348	135	13	cavalry	12.312917
2349	135	14	trooper	12.276018
2350	135	15	was	5.829989
2351	135	16	the	2.784786
2352	135	17	last	5.226951
2353	135	18	sound	8.887675
2354	135	19	heard	9.353335
2355	135	20	on	3.583314
2356	135	21	this	5.441144
2357	135	22	earth	6.243458
2358	135	23	by	5.2635
2359	135	24	untold	13.15468
2360	135	25	numbers	7.898636
2361	135	26	of	1.482769
2362	135	27	UNK-INITC-s	6.66304
2363	135	29	Sioux	12.122758
2364	135	30	and	2.81068
2365	135	31	Apaches	16.419863
2366	135	33	Mexican	9.779224
2367	135	34	UNK-LC-s	4.924357
2368	135	35	under	7.850038
2369	135	36	Pancho	14.041084
2370	135	37	Villa	4.914985
2371	135	39	Japanese	9.985238
2372	135	40	in	5.528724
2373	135	41	the	1.406364
2374	135	42	South	5.421075
2375	135	43	Pacific	5.619096
2376	135	45	and	1.81088
2377	135	46	Chinese	7.559707
2378	135	47	and	3.117361
2379	135	48	North	4.804453
2380	135	49	Korean	3.526436
2381	135	50	Communists	7.41703
2382	135	51	in	3.674535
2383	135	52	Korea	6.447619
2384	136	1	UNK-INITC	0
2385	136	1	is	4.829419
2386	136	2	the	2.47305
2387	136	3	battle	8.947912
2388	136	4	cry	8.327781
2389	136	5	of	4.09581
2390	136	6	the	1.30574
2391	136	7	7th	13.453681
2392	136	8	UNK-CAPS-y	11.942314
2393	136	9	Regiment	13.089912
2394	136	12	The	2.399401
2395	136	13	Fighting	11.446487
2396	136	14	Seventh	11.083364
2397	137	1	Today	0
2398	137	1	a	5.431882
2399	137	2	battle	8.31415
2400	137	3	cry	9.048394
2401	137	4	may	6.95777
2402	137	5	seem	4.396084
2403	137	6	an	5.110748
2404	137	7	anachronism	6.500124
2405	137	9	for	4.86605
2406	137	10	in	8.018026
2407	137	11	the	1.278921
2408	137	12	modern	7.378336
2409	137	13	Army	9.354546
2410	137	15	esprit	15.741835
2411	137	16	de	0.215056
2412	137	17	corps	3.895143
2413	137	18	has	7.066739
2414	137	19	been	1.692076
2415	137	20	sacrificed	9.451026
2416	137	21	to	1.005356
2417	137	22	organizational	12.072354
2418	137	23	charts	7.350036
2419	137	24	and	2.464744
2420	137	25	tables	10.958841
2421	138	1	But	0
2422	138	1	do	7.267091
2423	138	3	tell	5.754797
2424	138	4	that	3.07178
2425	138	5	to	5.045807
2426	138	6	a	4.537255
2427	138	7	veteran	9.919165
2428	138	8	of	3.194676
2429	138	9	the	1.030647
2430	138	10	Fighting	14.215693
2431	138	11	Seventh	11.085084
2432	138	13	especially	6.34481
2433	138	14	in	1.947628
2434	138	15	a	2.471369
2435	138	16	saloon	10.442037
2436	138	17	on	5.483525
2437	138	18	Saturday	7.285257
2438	138	19	night	3.448014
2439	139	1	Of	0
2440	139	1	all	3.951641
2441	139	2	the	1.853951
2442	139	3	thousands	8.365198
2443	139	4	of	0.273598
2444	139	5	men	5.329842
2445	139	6	who	1.454753
2446	139	7	have	2.433547
2447	139	8	served	5.568009
2448	139	9	in	1.59684
2449	139	10	the	0.871888
2450	139	11	7th	13.639652
2451	139	12	Cav	16.294153
2452	139	14	perhaps	7.310481
2453	139	15	no	7.605434
2454	139	16	one	2.152164
2455	139	17	knows	4.890962
2456	139	18	its	8.003383
2457	139	19	spirit	8.768237
2458	139	20	better	10.158874
2459	139	21	than	1.082763
2460	139	22	Lieutenant	15.724992
2461	139	23	Colonel	13.186611
2462	139	24	Melbourne	16.535378
2463	139	25	C.	13.434826
2464	139	26	Chandler	7.881634
2465	140	1	UNK-INITC-KNOWNLC	0
2466	140	1	and	3.205897
2467	140	2	UNK-LC-DASH	5.833395
2468	140	4	with	3.959332
2469	140	5	steel	9.357128
2470	140	6	blue	9.50058
2471	140	7	eyes	5.783097
2472	140	8	and	2.101731
2473	140	9	a	3.065746
2474	140	10	chest	9.16378
2475	140	11	splattered	12.091246
2476	140	12	with	2.968087
2477	140	13	medals	10.689057
2478	140	15	Chandler	14.301785
2479	140	16	is	6.285729
2480	140	17	the	2.461969
2481	140	18	epitome	7.084534
2482	140	19	of	0.03088
2483	140	20	the	1.31181
2484	140	21	old-time	10.311495
2485	140	22	trooper	13.957602
2486	141	1	The	0
2487	141	1	truth	8.949468
2488	141	2	is	2.970575
2489	141	4	however	4.855217
2490	141	6	that	1.573811
2491	141	7	when	5.850444
2492	141	8	Mel	12.128213
2493	141	9	Chandler	8.446645
2494	141	10	first	7.649342
2495	141	11	reported	6.333702
2496	141	12	to	4.295687
2497	141	13	the	1.636877
2498	141	14	regiment	12.924919
2499	141	15	the	5.335774
2500	141	16	only	5.027645
2501	141	17	steed	12.018876
2502	141	18	he	3.535794
2503	141	19	had	2.657392
2504	141	20	ever	3.792255
2505	141	21	ridden	10.685497
2506	141	22	was	4.039423
2507	141	23	a	2.542514
2508	141	24	swivel	11.195046
2509	141	25	chair	5.297427
2510	141	26	and	3.003268
2511	141	27	the	3.431345
2512	141	28	only	5.348696
2513	141	29	weapon	9.117064
2514	141	30	he	3.498288
2515	141	31	had	2.324386
2516	141	32	ever	3.531516
2517	141	33	wielded	11.265659
2518	141	34	was	5.636861
2519	141	35	a	2.128512
2520	141	36	pencil	9.09374
2521	142	1	Chandler	0
2522	142	1	had	5.448725
2523	142	2	been	2.159728
2524	142	3	commissioned	9.109121
2525	142	4	in	2.293251
2526	142	5	the	1.428974
2527	142	6	Medical	10.962207
2528	142	7	Service	3.677357
2529	142	8	Corps	8.59154
2530	142	9	and	3.430465
2531	142	10	was	3.597145
2532	142	11	serving	7.889976
2533	142	12	as	1.968775
2534	142	13	a	1.118343
2535	142	14	personnel	9.285475
2536	142	15	officer	3.916283
2537	142	16	for	3.546957
2538	142	17	the	0.953942
2539	142	18	Kansas	8.051426
2540	142	19	City	0.122999
2541	142	20	Medical	5.772731
2542	142	21	Depot	13.682655
2543	142	22	when	8.137178
2544	142	23	he	2.445324
2545	142	24	decided	5.540641
2546	142	25	that	2.464434
2547	142	26	if	5.040336
2548	142	27	he	1.680622
2549	142	28	was	1.878442
2550	142	29	going	4.663398
2551	142	30	to	0.250589
2552	142	31	make	3.84241
2553	142	32	the	2.109033
2554	142	33	Army	9.281958
2555	142	34	his	6.616151
2556	142	35	career	6.267773
2557	142	37	he	1.295593
2558	142	38	wanted	5.04951
2559	142	39	to	0.580675
2560	142	40	be	2.823154
2561	142	41	in	4.209199
2562	142	42	the	1.272472
2563	142	43	fighting	8.020485
2564	142	44	part	10.219799
2565	142	45	of	0.633789
2566	142	46	it	5.434961
2567	143	1	Though	0
2568	143	1	he	3.130881
2569	143	2	knew	5.630575
2570	143	3	no	5.285053
2571	143	4	more	3.781267
2572	143	5	about	5.155871
2573	143	6	military	9.585215
2574	143	7	science	7.36115
2575	143	8	and	2.449741
2576	143	9	tactics	9.399586
2577	143	10	than	4.237655
2578	143	11	any	4.756149
2579	143	12	other	1.811752
2580	143	13	desk	12.456928
2581	143	14	officer	9.581559
2582	143	16	he	2.763883
2583	143	17	managed	8.215541
2584	143	18	to	0.52322
2585	143	19	get	4.251164
2586	143	20	transferred	10.312443
2587	143	21	to	1.013125
2588	143	22	the	1.047641
2589	143	23	combat	10.643099
2590	143	24	forces	5.571402
2591	144	1	The	0
2592	144	1	next	6.248689
2593	144	2	thing	4.789302
2594	144	3	he	4.314287
2595	144	4	knew	5.6825
2596	144	5	he	3.684359
2597	144	6	was	1.622877
2598	144	7	reporting	8.766358
2599	144	8	for	3.278907
2600	144	9	duty	11.92848
2601	144	10	as	4.895445
2602	144	11	commanding	11.494553
2603	144	12	officer	8.807306
2604	144	13	of	2.822126
2605	144	14	UNK-INITC-KNOWNLC	9.420143
2606	144	15	H	10.964188
2607	144	17	7th	15.043319
2608	144	18	Cavalry	10.940186
2609	144	20	in	3.58746
2610	144	21	the	1.753636
2611	144	22	middle	5.096982
2612	144	23	of	0.172202
2613	144	24	corps	15.882683
2614	144	25	maneuvers	12.199642
2615	144	26	in	3.199668
2616	144	27	Japan	6.0068
2617	145	1	Outside	0
2618	145	1	of	2.199558
2619	145	2	combat	9.547871
2620	145	4	he	4.239097
2621	145	5	could	5.927323
2622	145	7	have	3.087975
2623	145	8	landed	8.728947
2624	145	9	in	2.174981
2625	145	10	a	2.290853
2626	145	11	tougher	9.508418
2627	145	12	spot	6.650583
2628	146	1	First	0
2629	146	1	of	5.840417
2630	146	2	all	4.729822
2631	146	4	no	6.162514
2632	146	5	unit	9.00522
2633	146	6	likes	8.248138
2634	146	7	to	0.830432
2635	146	8	have	4.070475
2636	146	9	a	1.859386
2637	146	10	new	3.85464
2638	146	11	CO	15.783997
2639	146	12	brought	8.811783
2640	146	13	in	2.413404
2641	146	14	from	4.337744
2642	146	15	the	1.139251
2643	146	16	outside	6.510666
2644	146	18	especially	5.945199
2645	146	19	when	3.889852
2646	146	20	he	2.268292
2647	146	22	an	4.671118
2648	146	23	armchair	9.332497
2649	146	24	trooper	11.324764
2650	147	1	Second	0
2651	147	2	if	5.117797
2652	147	3	there	4.001539
2653	147	4	is	1.206371
2654	147	5	ever	8.447321
2655	147	6	a	1.01488
2656	147	7	perfect	7.866001
2657	147	8	time	3.812439
2658	147	9	to	1.414275
2659	147	10	pull	6.294206
2660	147	11	the	2.216709
2661	147	12	rug	6.452167
2662	147	13	out	2.132552
2663	147	14	from	4.077679
2664	147	15	under	7.93961
2665	147	16	him	6.424855
2666	147	18	it	5.088845
2667	147	20	on	5.825166
2668	147	21	maneuvers	11.553394
2669	148	1	In	0
2670	148	1	combat	9.865758
2671	148	3	helping	8.028987
2672	148	4	your	6.970367
2673	148	5	CO	17.581388
2674	148	6	make	6.20399
2675	148	7	a	2.095538
2676	148	8	fool	7.185334
2677	148	9	of	3.466874
2678	148	10	himself	7.330037
2679	148	11	might	11.030477
2680	148	12	mean	6.559812
2681	148	13	getting	7.059912
2682	148	14	yourself	7.938934
2683	148	15	killed	8.765471
2684	149	1	But	0
2685	149	1	in	3.747207
2686	149	2	maneuvers	13.889422
2687	149	4	with	5.506104
2688	149	5	the	1.633769
2689	149	6	top	6.495026
2690	149	7	brass	6.744182
2691	149	8	watching	9.570086
2692	149	9	him	5.058557
2693	149	10	all	6.149755
2694	149	11	the	2.571239
2695	149	12	time	4.70906
2696	149	14	it	3.712817
2697	149	16	easy	4.971183
2698	150	1	Chandler	0
2699	150	1	understood	12.473027
2700	150	2	this	5.184403
2701	150	3	and	5.211058
2702	150	4	expected	8.779932
2703	150	5	the	1.744823
2704	150	6	worst	6.508321
2705	151	1	But	0
2706	151	1	his	5.178486
2707	151	2	first	4.914137
2708	151	3	few	6.871803
2709	151	4	days	2.5579
2710	151	5	with	5.347079
2711	151	6	UNK-INITC-KNOWNLC	10.239108
2712	151	7	H	10.952187
2713	151	8	were	6.286752
2714	151	9	full	7.496286
2715	151	10	of	1.075483
2716	151	11	surprises	11.082563
2717	151	13	beginning	8.019524
2718	151	14	with	3.015441
2719	151	15	First	9.346116
2720	151	16	Sergeant	16.411095
2721	151	17	Robert	9.127841
2722	151	18	Early	8.99093
2723	152	1	Chandler	0
2724	152	1	had	5.448725
2725	152	2	expected	5.567578
2726	152	3	a	2.341701
2727	152	4	tough	7.177025
2728	152	5	old	7.400781
2729	152	6	trooper	14.632745
2730	152	7	with	3.922317
2731	152	8	a	1.483248
2732	152	9	gravel	11.025922
2733	152	10	voice	8.961696
2734	153	1	Instead	0
2735	153	1	Sergeant	17.294695
2736	153	2	Early	11.728371
2737	153	3	was	5.428374
2738	153	4	quiet	9.014601
2739	153	6	sharp	11.075684
2740	153	7	and	3.900212
2741	153	8	confident	9.177086
2742	154	1	He	0
2743	154	1	had	3.587933
2744	154	2	enlisted	9.422998
2745	154	3	in	3.703543
2746	154	4	the	1.219597
2747	154	5	Army	8.229758
2748	154	6	straight	11.726977
2749	154	7	out	3.82625
2750	154	8	of	0.742168
2751	154	9	high	7.891253
2752	154	10	school	1.603785
2753	154	11	and	2.667028
2754	154	12	had	4.039241
2755	154	13	immediately	11.51433
2756	154	14	set	6.770341
2757	154	15	about	7.044868
2758	154	16	learning	9.618299
2759	154	17	his	4.762543
2760	154	18	new	5.273467
2761	154	19	trade	8.364172
2762	155	1	There	0
2763	155	1	was	2.426506
2764	155	2	no	2.27532
2765	155	3	weapon	10.600432
2766	155	4	Early	17.305761
2767	155	5	could	9.0631
2768	155	6	not	5.081152
2769	155	7	take	4.576411
2770	155	8	apart	9.572392
2771	155	9	and	4.202303
2772	155	10	reassemble	12.824697
2773	155	11	UNK-LC-DASH	7.334354
2774	156	1	He	0
2775	156	1	could	4.25423
2776	156	2	lead	5.680357
2777	156	3	a	3.648757
2778	156	4	patrol	11.931726
2779	156	5	and	3.511837
2780	156	6	he	5.707145
2781	156	7	knew	5.820307
2782	156	8	his	3.645381
2783	156	9	paper	7.549021
2784	156	10	work	6.975789
2785	157	1	Further	0
2786	157	2	he	3.655378
2787	157	3	had	5.585381
2788	157	4	taken	4.880002
2789	157	5	full	6.424031
2790	157	6	advantage	3.249683
2791	157	7	of	1.274834
2792	157	8	the	1.207627
2793	157	9	Army	8.029572
2794	157	11	correspondence	11.248495
2795	157	12	courses	12.443731
2796	158	1	He	0
2797	158	1	not	7.756366
2798	158	2	only	2.95609
2799	158	3	knew	6.738004
2800	158	4	soldiering	16.433746
2801	158	6	but	1.810091
2802	158	7	mathematics	14.47051
2803	158	9	history	7.728222
2804	158	10	and	1.191365
2805	158	11	literature	7.216048
2806	158	12	as	5.387698
2807	158	13	well	3.078796
2808	159	1	But	0
2809	159	1	for	4.349348
2810	159	2	all	4.055713
2811	159	3	his	4.422454
2812	159	4	erudite	12.496962
2813	159	5	confidence	8.769374
2814	159	7	Sergeant	16.052027
2815	159	8	Early	11.488426
2816	159	9	was	4.436407
2817	159	10	right	7.071504
2818	159	11	out	4.669716
2819	159	12	of	0.876105
2820	159	13	the	0.980717
2821	159	14	UNK-INITC	7.25879
2822	159	15	mold	7.410874
2823	160	1	He	0
2824	160	1	was	2.705093
2825	160	2	filled	7.887246
2826	160	3	with	0.400097
2827	160	4	the	1.516097
2828	160	5	spirit	7.874008
2829	160	6	of	0.222396
2830	160	7	the	1.074129
2831	160	8	Fighting	13.893119
2832	160	9	Seventh	10.497393
2833	161	1	That	0
2834	161	1	saved	10.005802
2835	161	2	Mel	14.052964
2836	161	3	Chandler	9.661802
2837	162	1	Sergeant	0
2838	162	1	Early	10.701401
2839	162	2	let	10.697323
2840	162	3	the	1.491814
2841	162	4	new	5.321049
2842	162	5	CO	15.042492
2843	162	6	know	5.767137
2844	162	7	just	6.953418
2845	162	8	how	1.044242
2846	162	9	lucky	8.013775
2847	162	10	he	3.831325
2848	162	11	was	3.189454
2849	162	12	to	3.243825
2850	162	13	be	2.371737
2851	162	14	in	3.349637
2852	162	15	the	1.179704
2853	162	16	best	4.988002
2854	162	17	troop	14.062543
2855	162	18	in	5.665385
2856	162	19	the	0.882701
2857	162	20	best	6.302886
2858	162	21	regiment	12.699831
2859	162	22	in	3.794431
2860	162	23	the	0.891839
2861	162	24	United	6.057848
2862	162	25	States	0.281197
2863	162	26	Army	9.376365
2864	163	1	He	0
2865	163	1	fed	10.599276
2866	163	2	the	1.869683
2867	163	3	captain	8.902116
2868	163	4	bits	13.350021
2869	163	5	of	0.756825
2870	163	6	history	7.486261
2871	163	7	about	5.80146
2872	163	8	the	1.189814
2873	163	9	troops	9.833734
2874	163	10	and	2.412573
2875	163	11	the	2.343015
2876	163	12	regiment	11.321574
2877	164	1	For	0
2878	164	1	example	4.445588
2879	164	3	it	4.781047
2880	164	4	was	2.837281
2881	164	5	a	2.381529
2882	164	6	battalion	12.177649
2883	164	7	of	0.370001
2884	164	8	the	1.663846
2885	164	9	7th	11.805684
2886	164	10	Cavalry	9.013684
2887	164	11	under	9.121029
2888	164	12	Colonel	13.471494
2889	164	13	George	5.544606
2890	164	14	Armstrong	7.251263
2891	164	15	Custer	12.832286
2892	164	16	that	6.215589
2893	164	17	had	4.5903
2894	164	18	been	1.879555
2895	164	19	wiped	7.809685
2896	164	20	out	0.119167
2897	164	21	at	3.655494
2898	164	22	the	1.156585
2899	164	23	Battle	7.826699
2900	164	24	of	2.030796
2901	164	25	The	6.279245
2902	164	26	Little	7.625574
2903	164	27	Big	9.825058
2904	164	28	Horn	7.219937
2905	165	1	It	0
2906	165	1	did	4.339776
2907	165	3	take	4.180541
2908	165	4	Captain	13.952247
2909	165	5	Chandler	10.506479
2910	165	6	long	9.360697
2911	165	7	to	3.852339
2912	165	8	realize	6.920378
2913	165	9	that	1.729306
2914	165	10	he	3.030291
2915	165	11	had	2.550225
2916	165	12	to	2.861573
2917	165	13	carry	6.462083
2918	165	14	a	1.922498
2919	165	15	heavy	7.567134
2920	165	16	load	6.452199
2921	165	17	of	2.799837
2922	165	18	tradition	11.963977
2923	165	19	on	4.514489
2924	165	20	his	2.637901
2925	165	21	shoulders	6.438404
2926	165	22	as	3.942614
2927	165	23	commander	9.002354
2928	165	24	of	0.760004
2929	165	25	UNK-INITC-KNOWNLC	9.910863
2930	165	26	A	7.650608
2931	166	1	But	0
2932	166	1	what	5.702497
2933	166	2	made	7.654605
2934	166	3	the	1.932736
2935	166	4	load	9.683785
2936	166	5	lighter	11.484692
2937	166	6	was	3.262106
2938	166	7	the	2.483015
2939	166	8	realization	9.175639
2940	166	9	that	0.260474
2941	166	10	every	7.52949
2942	166	11	officer	8.776222
2943	166	13	UNK-LC-DASH	7.682725
2944	166	14	and	2.419633
2945	166	15	trooper	13.367697
2946	166	16	was	5.990841
2947	166	17	ready	6.28844
2948	166	18	and	4.945548
2949	166	19	willing	5.738183
2950	166	20	to	0.070728
2951	166	21	help	5.180213
2952	166	22	him	3.480096
2953	166	23	carry	6.609993
2954	166	24	it	3.891797
2955	166	26	for	5.04573
2956	166	27	the	1.955558
2957	166	28	good	6.015618
2958	166	29	of	3.382837
2959	166	30	the	1.011007
2960	166	31	troop	13.738042
2961	166	32	and	3.791628
2962	166	33	the	2.926082
2963	166	34	regiment	12.05055
2964	167	1	Bong	0
2965	167	2	Bong	18.987366
2966	167	4	Startled	17.991102
2967	167	5	him	6.721821
2968	167	6	awake	10.821666
2969	168	1	The	0
2970	168	1	room	8.782644
2971	168	2	UNK-LC-ed	9.297997
2972	168	3	as	4.312085
2973	168	4	if	5.648924
2974	168	5	a	3.118371
2975	168	6	giant	6.885286
2976	168	7	hand	8.671275
2977	168	8	had	4.162444
2978	168	9	rocked	9.622349
2979	168	10	it	3.830798
2980	169	1	Bong	0
2981	169	2	A	9.610294
2982	169	3	dull	10.383702
2983	169	4	boom	9.507695
2984	169	5	and	3.081795
2985	169	6	a	2.307775
2986	169	7	throbbing	13.410074
2987	169	8	echo	9.700984
2988	170	1	The	0
2989	170	1	walls	9.510399
2990	170	2	bulged	14.191114
2991	170	4	the	3.066542
2992	170	5	floor	7.856361
2993	170	6	trembled	13.47094
2994	170	8	the	3.299098
2995	170	9	UNK-LC-s	6.007871
2996	170	10	rattled	11.899219
2997	171	1	He	0
2998	171	1	stared	10.407403
2999	171	2	at	2.335293
3000	171	3	the	1.191906
3001	171	4	far	9.184792
3002	171	5	morning	8.559148
3003	171	7	expecting	8.680838
3004	171	8	a	1.940689
3005	171	9	pendulum	11.768534
3006	171	10	to	1.388225
3007	171	11	swing	7.802516
3008	171	12	across	5.826791
3009	171	13	the	0.687914
3010	171	14	horizon	7.498879
3011	172	1	Bong	0
3012	172	2	He	10.985415
3013	172	3	raced	10.45102
3014	172	4	to	1.694106
3015	172	5	the	2.288037
3016	172	6	window	7.906211
3017	172	7	and	3.202462
3018	172	8	yanked	9.845469
3019	172	9	at	4.92696
3020	172	10	the	1.730489
3021	172	11	sash	14.212158
3022	173	1	Bong	0
3023	173	2	The	9.111314
3024	173	3	wood	11.716777
3025	173	4	was	3.898194
3026	173	5	old	9.192421
3027	173	7	the	3.367975
3028	173	8	paint	9.650161
3029	173	9	UNK-LC-ed	6.9326
3030	174	1	Bong	0
3031	174	2	A	9.610294
3032	174	3	fresh	9.454057
3033	174	4	breeze	9.091433
3034	174	5	saluted	13.381231
3035	174	6	him	4.453579
3036	175	1	Six	0
3037	175	1	UNK-LC	8.249312
3038	175	3	He	12.34094
3039	175	4	put	6.519083
3040	175	5	his	3.204778
3041	175	6	head	5.190734
3042	175	7	out	3.103794
3043	176	1	There	0
3044	176	1	was	2.426506
3045	176	2	the	3.452699
3046	176	3	slate	13.162953
3047	176	4	roof	13.310056
3048	176	5	of	3.062263
3049	176	6	the	1.239769
3050	176	7	church	7.385568
3051	176	9	ivy	15.725721
3052	176	10	climbed	10.472963
3053	176	11	the	3.858887
3054	176	12	red	6.02689
3055	176	13	brick	7.005819
3056	176	14	walls	4.730472
3057	176	15	like	6.731711
3058	176	16	a	2.053341
3059	176	17	UNK-LC-DASH	4.1183
3060	176	18	monster	7.869829
3061	177	1	The	0
3062	177	1	clock	8.737445
3063	177	2	which	7.72678
3064	177	3	had	4.425295
3065	177	4	struck	7.913043
3066	177	5	presented	15.081058
3067	177	6	an	4.174523
3068	177	7	innocent	8.429346
3069	177	8	face	7.000058
3070	178	1	In	0
3071	178	1	the	1.407694
3072	178	2	kitchen	8.021728
3073	178	3	Mama	15.105217
3074	178	4	was	5.148399
3075	178	5	wiping	11.626894
3076	178	6	the	3.886403
3077	178	7	cupboards	13.539789
3078	179	1	There	5.531751
3079	179	3	a	1.285304
3080	179	4	tower	12.591119
3081	179	5	and	3.957857
3082	179	6	a	1.98654
3083	179	7	steeple	15.224888
3084	179	8	on	5.678579
3085	179	9	the	1.126289
3086	179	10	church	8.643296
3087	179	11	a	7.267188
3088	179	12	million	8.221978
3089	179	13	feet	6.075402
3090	179	14	high	7.805618
3091	180	1	And	0
3092	180	1	the	2.331166
3093	180	2	loudest	10.373845
3094	180	3	clock	10.570637
3095	180	4	in	2.629062
3096	180	5	the	0.914118
3097	180	6	whole	6.764084
3098	180	7	world	2.450394
3099	180	11	I	3.218448
3100	180	12	know	4.321876
3101	180	14	Stephen	12.362734
3102	180	17	she	2.843298
3103	180	18	smiled	7.066388
3104	181	1	They	5.529848
3105	181	2	say	5.097951
3106	181	3	that	2.917773
3107	181	4	our	5.031925
3108	181	5	steeple	15.733232
3109	181	6	is	1.664369
3110	181	7	one	4.708045
3111	181	8	hundred	7.739922
3112	181	9	and	4.562675
3113	181	10	UNK-LC-DASH	5.540081
3114	181	11	feet	4.241795
3115	181	12	high	9.405165
3116	182	1	The	0
3117	182	1	clock	8.737445
3118	182	2	you	7.251628
3119	182	3	heard	6.701581
3120	182	4	strike	12.588728
3121	182	6	it	4.58942
3122	182	8	really	5.345375
3123	182	9	the	3.156793
3124	182	10	town	7.063593
3125	182	11	clock	11.705045
3126	182	13	was	6.500871
3127	182	14	installed	8.386916
3128	182	15	last	4.992842
3129	182	16	April	4.99577
3130	182	17	by	3.221175
3131	182	18	Mrs	13.449525
3132	183	1	Shorter	0
3133	183	2	on	5.042378
3134	183	3	her	6.089475
3135	183	4	birthday	6.916127
3136	184	1	He	0
3137	184	1	dressed	11.240794
3138	184	3	and	2.366459
3139	184	4	sped	11.435768
3140	184	5	outdoors	11.329653
3141	185	1	He	0
3142	185	1	crossed	9.48504
3143	185	2	Broome	18.143768
3144	185	3	Street	6.572545
3145	185	4	to	3.842391
3146	185	5	Orange	12.37797
3147	185	6	Square	6.87879
3148	186	1	The	0
3149	186	1	steeple	14.118921
3150	186	2	leaned	14.696927
3151	186	3	backward	7.826974
3152	186	5	while	4.811186
3153	186	6	the	1.436131
3154	186	7	church	7.484955
3155	186	8	advanced	10.689506
3156	186	9	like	7.521752
3157	186	10	a	1.91641
3158	186	11	headless	11.286861
3159	186	12	creature	7.901708
3160	186	13	in	2.706147
3161	186	14	a	2.197073
3162	186	15	long	6.483202
3163	186	17	shapeless	12.889133
3164	186	18	coat	6.902422
3165	187	1	The	0
3166	187	1	spire	13.624492
3167	187	2	seemed	9.588999
3168	187	3	to	0.972059
3169	187	4	hold	6.777611
3170	187	5	up	3.713983
3171	187	6	the	2.198367
3172	187	7	sky	6.443843
3173	188	1	Port	0
3174	188	1	Jervis	5.985388
3175	188	3	basking	12.164038
3176	188	4	in	0.147692
3177	188	5	the	1.227266
3178	188	6	foothills	12.472944
3179	188	8	was	7.976527
3180	188	9	the	2.28785
3181	188	10	city	6.992008
3182	188	11	of	2.142174
3183	188	12	God	9.010098
3184	189	1	The	0
3185	189	1	Dutch	8.782915
3186	189	2	Reformed	7.112608
3187	189	3	Church	0.274253
3188	189	5	with	3.857085
3189	189	6	two	4.831477
3190	189	7	steeples	14.703948
3191	189	8	and	2.156504
3192	189	9	its	5.88951
3193	189	10	own	2.738387
3194	189	11	school	8.82124
3195	189	12	was	7.159843
3196	189	13	on	4.623602
3197	189	14	Main	8.780659
3198	189	15	Street	0.045101
3199	189	17	the	1.690903
3200	189	18	Episcopal	11.102556
3201	189	19	Church	0.333025
3202	189	20	was	3.013217
3203	189	21	one	4.445071
3204	189	22	block	13.059772
3205	189	23	down	8.33753
3206	189	24	Sussex	16.119041
3207	189	25	Street	6.178884
3208	189	27	the	1.687346
3209	189	28	Catholic	8.229692
3210	189	29	Saint	12.622328
3211	189	30	Mary	6.770796
3212	189	32	Church	8.729938
3213	189	34	with	3.511923
3214	189	35	an	3.435328
3215	189	36	even	6.435087
3216	189	37	taller	7.816249
3217	189	38	steeple	12.208418
3218	189	39	and	2.638633
3219	189	40	a	1.99275
3220	189	41	cross	8.090482
3221	189	42	on	4.055304
3222	189	43	top	6.459049
3223	189	45	stood	6.713468
3224	189	46	on	3.396225
3225	189	47	Ball	15.823714
3226	189	48	Street	8.529273
3227	190	1	The	0
3228	190	1	Catholics	13.321125
3229	190	2	had	5.252208
3230	190	3	the	3.417187
3231	190	4	largest	5.892754
3232	190	5	cemetery	11.70241
3233	190	7	near	7.734991
3234	190	8	the	1.307743
3235	190	9	UNK-INITC	5.466367
3236	190	10	River	3.75743
3237	190	11	where	5.793593
3238	190	12	Main	12.256681
3239	190	13	Street	0.15513
3240	190	14	ran	5.371483
3241	190	15	south	7.439466
3242	190	17	Stevie	12.227633
3243	190	18	whistled	11.405784
3244	190	19	when	5.621013
3245	190	20	he	2.446253
3246	190	21	passed	7.450772
3247	190	22	these	8.387889
3248	190	23	alien	11.821884
3249	190	24	grounds	8.528474
3250	191	1	God	0
3251	191	1	was	4.764228
3252	191	2	everywhere	9.819794
3253	191	4	in	3.923112
3254	191	5	the	1.5794
3255	191	6	UNK-LC-y	8.721485
3256	191	8	in	4.142465
3257	191	9	the	1.545031
3258	191	10	steeple	13.840186
3259	191	12	in	4.66308
3260	191	13	the	1.569995
3261	191	14	clouds	8.335753
3262	191	16	in	4.200911
3263	191	17	the	1.564474
3264	191	18	trees	9.460297
3265	191	20	and	2.103247
3266	191	21	in	4.337322
3267	191	22	the	1.462335
3268	191	23	mountains	5.293202
3269	191	24	hulking	16.494736
3270	191	25	on	4.285309
3271	191	26	the	1.157628
3272	191	27	horizon	6.135727
3273	192	1	Somewhere	0
3274	192	2	beyond	8.425371
3275	192	4	where	5.486302
3276	192	5	shadows	13.135276
3277	192	6	lurked	13.501218
3278	192	8	must	8.509193
3279	192	9	be	1.452126
3280	192	10	the	4.14517
3281	192	11	yawning	12.089748
3282	192	12	pit	10.03685
3283	192	13	of	1.238056
3284	192	14	which	5.397192
3285	192	15	Papa	13.230311
3286	192	16	preached	11.069315
3287	192	17	and	3.718351
3288	192	18	the	3.343533
3289	192	19	dreadful	11.34415
3290	192	20	Lake	12.414804
3291	192	21	of	4.302827
3292	192	22	Fire	9.844886
3293	193	1	So	0
3294	193	2	walking	9.916971
3295	193	3	in	3.245652
3296	193	4	awe	10.870892
3297	193	6	he	4.318192
3298	193	7	became	6.62819
3299	193	8	familiar	6.953701
3300	193	9	with	0.142708
3301	193	10	God	9.254538
3302	193	12	who	3.290147
3303	193	13	resided	12.359942
3304	193	14	chiefly	9.720275
3305	193	15	in	1.222869
3306	193	16	Drew	16.326963
3307	193	17	Centennial	16.405144
3308	193	18	Church	10.217934
3309	193	19	with	4.487295
3310	193	20	its	4.708771
3311	193	21	high	7.15858
3312	193	22	steeple	14.327153
3313	193	23	and	2.872134
3314	193	24	clock	11.108608
3315	194	1	There	0
3316	194	1	was	2.426506
3317	194	2	no	2.27532
3318	194	3	church	9.822358
3319	194	4	like	6.586275
3320	194	5	Drew	12.748903
3321	194	6	Church	10.803723
3322	194	8	no	6.324811
3323	194	9	preacher	10.433263
3324	194	10	like	6.004731
3325	194	11	Papa	11.486374
3326	194	13	who	1.986165
3327	194	14	was	2.129973
3328	194	15	intimate	10.504867
3329	194	16	with	2.026375
3330	194	17	Him	11.8899
3331	194	19	and	2.12414
3332	194	20	could	6.833124
3333	194	21	consign	11.362938
3334	194	22	sinners	15.465969
3335	194	23	to	1.200578
3336	194	24	UNK-LC	6.385018
3337	195	1	To	0
3338	195	1	know	6.105694
3339	195	2	God	9.88124
3340	195	3	he	7.038184
3341	195	4	must	6.152682
3342	195	5	follow	6.278349
3343	195	6	in	3.860051
3344	195	7	Papa	15.09075
3345	195	9	footsteps	6.382502
3346	196	1	He	0
3347	196	1	was	2.705093
3348	196	2	fortunate	9.029183
3349	196	4	and	1.752728
3350	196	5	proud	10.16831
3351	197	1	The	0
3352	197	1	veterans	11.090974
3353	197	3	idling	13.590278
3354	197	4	on	5.898164
3355	197	5	their	3.140091
3356	197	6	benches	9.488262
3357	197	7	in	3.482541
3358	197	8	the	1.111736
3359	197	9	Square	10.229224
3360	197	11	beneath	9.571686
3361	197	12	the	1.088708
3362	197	13	soldiers	9.944428
3363	197	15	monument	10.903246
3364	197	17	got	8.360967
3365	197	18	to	2.656799
3366	197	19	their	4.601023
3367	197	20	feet	3.130194
3368	197	21	when	5.277377
3369	197	22	Papa	12.217373
3370	197	23	approached	10.983246
3371	197	26	Morning	10.036274
3372	197	28	Reverend	12.731236
3373	197	31	His	9.714781
3374	197	32	being	10.36095
3375	197	33	and	6.78531
3376	197	34	His	9.523301
3377	197	35	will	8.551119
3378	197	37	Stevie	12.123626
3379	197	38	could	7.491753
3380	197	39	not	3.990465
3381	197	40	divide	9.14066
3382	197	41	God	8.155425
3383	197	42	from	4.176231
3384	197	43	his	2.962422
3385	197	44	Papa	13.767099
3386	197	46	UNK-LC-ed	8.15736
3387	197	47	every	6.481014
3388	197	48	parish	10.563163
3389	197	49	face	10.288694
3390	197	51	turned	8.32377
3391	197	52	the	3.316213
3392	197	53	choir	8.76019
3393	197	54	into	2.417426
3394	197	55	a	1.508654
3395	197	56	band	6.135113
3396	197	57	of	1.044682
3397	197	58	angels	8.26579
3398	197	60	and	2.016072
3399	197	61	the	2.507137
3400	197	62	pulpit	10.782454
3401	197	63	into	6.215122
3402	197	64	the	1.33085
3403	197	65	UNK-LC	5.690493
3404	197	66	to	4.325462
3405	197	67	Heaven	11.69612
3406	198	1	We	4.48836
3407	198	2	have	2.194029
3408	198	3	nine	9.772547
3409	198	4	hundred	6.696827
3410	198	5	and	4.126441
3411	198	6	eleven	10.62008
3412	198	7	members	6.512557
3413	198	8	in	3.02583
3414	198	9	our	4.332813
3415	198	10	charge	10.811116
3416	198	13	Mama	15.437431
3417	198	14	announced	11.037364
3418	198	17	and	2.134917
3419	198	18	three	7.34858
3420	198	19	hundred	5.581105
3421	198	20	and	4.246737
3422	198	21	eighty	11.936712
3423	198	22	Sunday-school	15.73757
3424	198	23	scholars	10.373296
3425	199	1	When	6.118161
3426	199	2	Papa	13.058639
3427	199	3	went	5.706842
3428	199	4	out	2.826053
3429	199	5	to	2.819653
3430	199	6	do	3.915095
3431	199	7	God	9.324679
3432	199	9	work	4.91969
3433	199	11	Stevie	15.796534
3434	199	12	often	10.087105
3435	199	13	accompanied	9.024783
3436	199	14	him	3.202111
3437	199	15	in	2.942325
3438	199	16	the	1.066426
3439	199	17	buggy	12.44574
3440	199	19	which	5.500933
3441	199	20	was	1.925819
3442	199	21	drawn	8.029316
3443	199	22	by	3.541858
3444	199	23	Violet	15.285223
3445	199	25	the	4.310129
3446	199	26	new	6.54031
3447	199	27	black	6.093408
3448	199	28	mare	11.20122
3449	200	1	Although	0
3450	200	1	they	3.355482
3451	200	2	journeyed	11.418776
3452	200	3	westerly	17.447166
3453	200	4	as	5.450607
3454	200	5	far	4.83375
3455	200	6	as	0.095114
3456	200	7	Germantown	16.254513
3457	200	9	beyond	15.410931
3458	200	10	the	1.158016
3459	200	11	Erie	11.363901
3460	200	12	roundhouse	14.502057
3461	200	13	and	3.162181
3462	200	14	the	2.345813
3463	200	15	machine	8.80998
3464	200	16	shop	8.751065
3465	200	18	and	2.067292
3466	200	19	along	8.002286
3467	200	20	the	1.542042
3468	200	21	Delaware	10.645039
3469	200	22	and	4.988032
3470	200	23	Hudson	5.274507
3471	200	24	Canal	8.582319
3472	200	26	and	2.579307
3473	200	27	northward	14.298323
3474	200	28	to	4.241288
3475	200	29	Brooklyn	8.012618
3476	200	31	below	9.849413
3477	200	32	Point	13.037392
3478	200	33	Peter	12.494469
3479	200	35	he	4.518335
3480	200	36	could	5.312007
3481	200	37	see	5.655443
3482	200	38	the	1.807196
3483	200	39	church	7.764526
3484	200	40	spire	14.732759
3485	200	41	wherever	9.658444
3486	200	42	he	1.835117
3487	200	43	looked	7.193325
3488	200	44	back	4.692178
3489	201	1	Sometimes	0
3490	201	1	they	4.024255
3491	201	2	went	6.555027
3492	201	3	south	8.002434
3493	201	4	and	3.334772
3494	201	5	rolled	8.429347
3495	201	6	past	8.390388
3496	201	7	the	1.714817
3497	201	8	UNK-LC	6.407611
3498	201	11	Afternoon	11.797428
3499	201	13	Reverend	13.373411
3500	201	17	and	3.062456
3501	201	18	crossed	11.451615
3502	201	19	the	1.084253
3503	201	20	suspension	9.868619
3504	201	21	bridge	13.304242
3505	201	22	to	3.271796
3506	201	23	UNK-INITC-s	10.737517
3507	201	25	that	4.681691
3508	201	26	was	2.636877
3509	201	27	Pennsylvania	11.708229
3510	202	1	In	0
3511	202	1	the	1.407694
3512	202	2	Delaware	8.783051
3513	202	3	River	5.835238
3514	202	5	three	8.294459
3515	202	6	long	11.627483
3516	202	7	islands	9.690023
3517	202	8	were	5.374973
3518	202	9	overgrown	12.668756
3519	202	10	with	4.737369
3520	202	11	greening	13.952261
3521	202	12	trees	5.905241
3522	202	13	and	2.250118
3523	202	14	underbrush	11.006484
3524	203	1	South	0
3525	203	1	of	9.370576
3526	203	2	Laurel	10.648615
3527	203	3	Grove	10.413746
3528	203	4	Cemetery	10.374516
3529	203	6	and	3.247419
3530	203	7	below	9.904878
3531	203	8	the	1.144765
3532	203	9	junction	11.712906
3533	203	10	of	0.118837
3534	203	11	the	0.932199
3535	203	12	UNK-INITC	5.203779
3536	203	13	and	3.690646
3537	203	14	the	2.359847
3538	203	15	Delaware	9.582309
3539	203	17	was	7.3675
3540	203	18	the	2.181706
3541	203	19	Tri-State	16.273947
3542	203	20	Rock	10.97657
3543	203	22	from	6.710557
3544	203	23	which	4.751135
3545	203	24	Stevie	11.997932
3546	203	25	could	6.679021
3547	203	26	spy	11.193173
3548	203	27	New	9.074145
3549	203	28	Jersey	2.436289
3550	203	29	and	3.01064
3551	203	30	Pennsylvania	5.022265
3552	203	32	as	4.104026
3553	203	33	well	1.573789
3554	203	34	as	0.095103
3555	203	35	New	6.067974
3556	203	36	York	0.568473
3557	203	38	simply	9.60248
3558	203	39	by	4.473914
3559	203	40	spinning	8.231361
3560	203	41	around	6.387384
3561	203	42	on	5.224996
3562	203	43	his	3.949953
3563	203	44	heel	11.775935
3564	204	1	On	0
3565	204	1	these	6.335064
3566	204	2	excursions	10.174838
3567	204	4	Papa	15.009293
3568	204	5	instructed	14.943169
3569	204	6	him	3.55745
3570	204	7	on	4.74959
3571	204	8	man	9.94677
3572	204	10	chief	7.745675
3573	204	11	end	11.302577
3574	204	13	which	4.6152
3575	204	14	was	2.207683
3576	204	15	his	4.885958
3577	204	16	duty	7.510297
3578	204	17	to	0.785914
3579	204	18	God	10.295427
3580	204	19	and	3.048527
3581	204	20	his	1.865536
3582	204	21	own	3.473459
3583	204	22	salvation	9.413256
3584	205	1	However	0
3585	205	2	a	3.721061
3586	205	3	boy	9.329223
3587	205	5	lively	10.701456
3588	205	6	eyes	6.399001
3589	205	7	might	6.206408
3590	205	8	UNK-LC	7.742257